window_start_frame,window_end_frame,dominant_state,total_distance_px,active_frames,inactive_frames,dominant_zone,thigmotaxis_ratio,stereotypy_flag,behavior_notes
0,9000,Wake / Active,19745.04,2791,1206,MidRight,0.5752,False,
9000,18000,Quiet / Rest,11769.39,1648,1855,MidRight,0.7308,False,
18000,27000,Wake / Active,11399.46,1847,1544,MidLeft,0.604,False,
27000,36000,Wake / Active,12493.42,1971,1655,MidRight,0.7628,False,
36000,45000,Wake / Active,12707.47,2096,1387,MidRight,0.6891,False,
45000,54000,Wake / Active,11469.69,2038,1229,Center,0.4402,False,
54000,63000,Wake / Active,9649.98,1472,1480,MidRight,0.7503,False,
63000,72000,Wake / Active,9600.86,1595,1242,Center,0.5506,False,
72000,81000,Wake / Active,10152.91,1772,1628,Center,0.5544,False,
81000,90000,Wake / Active,10457.91,1710,1738,Center,0.5348,False,
90000,99000,Wake / Active,9787.07,1732,1608,Center,0.4033,False,
99000,108000,Quiet / Rest,8052.84,1395,1424,MidRight,0.796,False,
108000,117000,Wake / Active,10276.66,1809,1507,MidRight,0.6297,False,
117000,126000,Wake / Active,11191.65,2200,1344,MidLeft,0.7714,False,
126000,135000,Wake / Active,9353.06,1780,610,MidRight,0.7544,False,
135000,144000,Wake / Active,8684.78,1674,1282,MidRight,0.5639,True,
144000,153000,Wake / Active,10717.93,1930,1343,MidRight,0.685,False,
153000,162000,Wake / Active,9333.72,1882,1265,MidLeft,0.8214,False,
162000,171000,Wake / Active,10662.52,1906,1423,MidRight,0.6762,False,
171000,180000,Wake / Active,9719.6,1851,707,MidRight,0.7295,False,
180000,189000,Quiet / Rest,8098.93,1150,1960,MidRight,0.7023,False,
189000,198000,Wake / Active,7991.2,1420,1433,MidLeft,0.8977,False,
198000,207000,Quiet / Rest,9990.75,1654,2441,MidLeft,0.9624,True,
207000,216000,Quiet / Rest,5878.15,845,1868,MidLeft,0.5076,True,
216000,225000,Wake / Active,12384.53,2402,1449,MidLeft,0.8593,True,
225000,234000,Wake / Active,11028.7,1974,1109,MidRight,0.6017,False,
234000,243000,Quiet / Rest,5867.8,796,1940,Center,0.1181,False,
243000,252000,Wake / Active,9942.66,1687,1371,Center,0.5929,False,
252000,261000,Wake / Active,9705.6,1670,988,MidRight,0.7551,False,
261000,270000,Quiet / Rest,8373.16,1273,1303,MidRight,0.5881,False,
270000,279000,Wake / Active,11043.44,2063,791,MidRight,0.7744,False,
279000,288000,Wake / Active,11027.49,1828,1240,MidRight,0.7842,False,
288000,297000,Quiet / Rest,8527.25,1491,1536,MidRight,0.9167,False,
297000,306000,Wake / Active,10351.53,1828,1339,Center,0.3799,False,
306000,315000,Wake / Active,8930.3,1714,988,Center,0.3224,False,
315000,324000,Quiet / Rest,6566.1,1039,1652,MidRight,0.6626,False,
324000,333000,Wake / Active,9986.76,1921,1700,MidRight,0.8083,True,
333000,342000,Wake / Active,9210.77,1674,1604,MidRight,0.8649,True,
342000,351000,Wake / Active,10820.34,1781,1392,MidLeft,0.6552,False,
351000,360000,Quiet / Rest,8852.86,1415,1603,MidLeft,0.8105,False,
360000,369000,Wake / Active,11688.45,2055,1372,Center,0.4923,False,
369000,378000,Wake / Active,10348.55,1697,1568,MidLeft,0.7694,False,
378000,387000,Quiet / Rest,8823.26,1420,2151,MidRight,0.8421,True,
387000,396000,Wake / Active,12031.89,2195,1481,MidRight,0.6581,False,
396000,405000,Quiet / Rest,9705.8,1656,1694,Center,0.2896,False,
405000,414000,Quiet / Rest,6144.03,785,1963,Center,0.0604,True,
414000,423000,Wake / Active,10212.22,1707,1457,Center,0.5215,False,
423000,432000,Wake / Active,6316.53,1139,1091,MidRight,0.5978,False,
432000,441000,Wake / Active,10244.23,1950,878,Center,0.6259,False,
441000,450000,Wake / Active,9596.81,1517,1620,MidLeft,0.7641,True,
450000,459000,Quiet / Rest,7630.39,1160,1832,Center,0.3603,True,
459000,468000,Quiet / Rest,3773.09,399,1533,MidRight,0.5787,False,
468000,477000,Quiet / Rest,1387.39,54,770,MidRight,0.8714,False,
477000,486000,Quiet / Rest,116.28,11,48,Center,0.3051,False,
486000,495000,Quiet / Rest,73.68,0,52,Center,0.3846,False,
495000,504000,Quiet / Rest,6.24,0,7,MidRight,1.0,False,
504000,513000,Quiet / Rest,71.82,5,34,MidRight,0.9231,True,
513000,522000,Quiet / Rest,206.66,16,99,Center,0.3652,True,
522000,531000,Possible Sleep,1172.89,59,624,Center,0.4129,False,
531000,540000,Wake / Active,11133.03,2114,1107,MidLeft,0.7405,False,
540000,549000,Wake / Active,10431.98,1893,1095,MidRight,0.7915,False,
549000,558000,Wake / Active,10754.42,2178,1370,MidLeft,0.9803,True,
558000,567000,Wake / Active,10619.25,2006,884,Center,0.4817,False,
567000,576000,Wake / Active,7926.63,1440,1502,Center,0.4174,False,
576000,585000,Quiet / Rest,7479.77,1112,1584,Center,0.2481,False,
585000,594000,Wake / Active,10494.08,1828,1224,MidRight,0.748,False,
594000,603000,Quiet / Rest,8156.39,1303,1521,Center,0.3403,True,
603000,612000,Wake / Active,7645.23,1268,1135,Center,0.3362,False,
612000,621000,Wake / Active,6034.87,1162,807,BotCenter,0.6831,True,
621000,630000,Wake / Active,10113.48,1775,1149,MidRight,0.8317,False,
630000,639000,Wake / Active,10342.79,1675,1607,Center,0.3312,False,
639000,648000,Quiet / Rest,6366.73,1109,1456,Center,0.386,True,
648000,657000,Quiet / Rest,7259.75,1219,1580,Center,0.4805,False,
657000,666000,Quiet / Rest,4905.02,608,1528,MidRight,0.9738,False,
666000,675000,Quiet / Rest,331.87,28,113,MidRight,1.0,True,
675000,684000,Quiet / Rest,351.63,43,80,MidRight,1.0,True,
684000,693000,Wake / Active,521.23,74,40,Center,0.193,False,
693000,702000,Quiet / Rest,35.17,3,13,MidRight,1.0,True,
702000,711000,Wake / Active,98.04,22,15,Center,0.3784,True,
711000,720000,Quiet / Rest,64.12,4,36,MidRight,0.575,False,
720000,729000,Quiet / Rest,16.65,0,14,Center,0.0,False,
729000,738000,Quiet / Rest,12.26,0,7,Center,0.0,False,
738000,747000,Quiet / Rest,99.63,14,27,Center,0.0,False,
747000,756000,Quiet / Rest,158.92,25,47,Center,0.1389,True,
756000,765000,Quiet / Rest,297.32,27,120,Center,0.0272,True,
765000,774000,Quiet / Rest,6441.99,963,1107,Center,0.3546,False,
774000,783000,Quiet / Rest,1295.67,153,479,Center,0.1203,True,
783000,792000,Quiet / Rest,132.94,8,59,Center,0.0,True,
792000,801000,Quiet / Rest,6.0,1,2,Center,0.0,True,
801000,810000,Quiet / Rest,334.66,51,99,Center,0.0067,True,
810000,819000,Quiet / Rest,74.0,14,22,Center,0.0,True,
819000,828000,Quiet / Rest,41.63,0,26,Center,0.0,False,
828000,837000,Quiet / Rest,54.06,0,42,Center,0.0238,False,
837000,846000,Quiet / Rest,176.51,31,41,MidRight,0.7222,False,
846000,855000,Quiet / Rest,4972.08,731,1040,Center,0.2637,False,
855000,864000,Quiet / Rest,1066.47,173,280,Center,0.0,True,
864000,873000,Quiet / Rest,73.45,2,33,Center,0.0,False,
873000,882000,Quiet / Rest,58.66,2,27,Center,0.0,False,
882000,891000,Quiet / Rest,120.59,18,34,Center,0.0,True,
891000,900000,Quiet / Rest,152.92,14,67,Center,0.4691,False,
900000,909000,Quiet / Rest,111.16,15,36,Center,0.1373,True,
909000,918000,Quiet / Rest,198.21,32,54,Center,0.0233,False,
918000,927000,Quiet / Rest,175.96,32,35,Center,0.1642,False,
927000,936000,Quiet / Rest,49.06,9,15,Center,0.2917,False,
936000,945000,Quiet / Rest,36.25,0,26,Center,0.0,False,
945000,954000,Quiet / Rest,219.9,42,51,Center,0.0,True,
954000,963000,Quiet / Rest,90.83,9,33,Center,0.0,True,
963000,972000,Quiet / Rest,3689.58,455,1033,Center,0.2151,False,
972000,981000,Wake / Active,8294.72,1555,1184,MidRight,0.7444,False,
981000,990000,Wake / Active,10214.66,1793,1167,Center,0.4118,False,
990000,999000,Wake / Active,7340.84,1106,1123,Center,0.2822,False,
999000,1008000,Wake / Active,7265.89,1262,1072,MidLeft,0.6748,False,
1008000,1017000,Wake / Active,9778.89,1694,1482,Center,0.5831,False,
1017000,1026000,Quiet / Rest,5317.64,644,1887,Center,0.2394,True,
1026000,1035000,Quiet / Rest,1633.37,119,700,Center,0.0159,False,
1035000,1044000,Quiet / Rest,371.8,59,103,Center,0.2469,True,
1044000,1053000,Quiet / Rest,114.37,17,31,Center,0.0833,True,
1053000,1062000,Quiet / Rest,57.41,4,29,Center,0.0,False,
1062000,1071000,Quiet / Rest,61.41,1,42,Center,0.0698,False,
1071000,1080000,Quiet / Rest,186.04,29,51,Center,0.0,True,
1080000,1089000,Quiet / Rest,556.33,69,189,Center,0.0271,False,
1089000,1098000,Quiet / Rest,114.57,11,50,Center,0.0,True,
1098000,1107000,Quiet / Rest,124.86,17,36,Center,0.2453,False,
1107000,1116000,Quiet / Rest,76.23,9,29,Center,0.0,True,
1116000,1125000,Quiet / Rest,228.02,31,70,Center,0.0693,True,
1125000,1134000,Quiet / Rest,87.64,4,51,Center,0.0,False,
1134000,1143000,Quiet / Rest,1573.68,113,783,Center,0.0446,True,
1143000,1152000,Wake / Active,11182.57,1854,1278,Center,0.3368,False,
1152000,1161000,Wake / Active,7466.05,1297,1325,MidRight,0.7811,True,
1161000,1170000,Quiet / Rest,5164.4,625,1154,Center,0.4654,False,
1170000,1179000,Possible Sleep,1219.21,16,942,Center,0.1242,False,
1179000,1188000,Possible Sleep,103.2,6,61,Center,0.1045,False,
1188000,1197000,Quiet / Rest,45.63,6,23,Center,0.3448,False,
1197000,1206000,Possible Sleep,66.94,0,47,MidRight,0.5106,False,
1206000,1215000,Possible Sleep,139.46,0,92,Center,0.2174,False,
1215000,1224000,Possible Sleep,71.34,0,53,Center,0.0189,False,
1224000,1233000,Possible Sleep,85.95,0,64,Center,0.0312,False,
1233000,1242000,Possible Sleep,87.3,0,69,Center,0.0725,False,
1242000,1251000,Possible Sleep,40.59,0,33,Center,0.0,False,
1251000,1260000,Quiet / Rest,74.05,2,53,Center,0.0,False,
1260000,1269000,Possible Sleep,333.72,1,283,Center,0.0176,False,
1269000,1278000,Wake / Active,6682.13,1019,1029,Center,0.3794,False,
1278000,1287000,Wake / Active,11192.47,1840,1619,Center,0.3793,False,
1287000,1296000,Wake / Active,7911.51,1274,1133,Center,0.3943,False,
1296000,1305000,Wake / Active,11543.79,2343,1011,MidRight,0.6115,True,
1305000,1314000,Wake / Active,9941.27,1917,1562,MidRight,0.7677,True,
1314000,1323000,Wake / Active,10432.65,1765,1351,MidLeft,0.8245,False,
1323000,1332000,Wake / Active,8995.72,1958,1045,MidLeft,0.9124,True,
1332000,1341000,Quiet / Rest,7385.16,673,2921,MidRight,0.9894,False,
1341000,1350000,Quiet / Rest,3871.37,438,1288,MidRight,0.5904,True,
1350000,1359000,Quiet / Rest,107.77,3,64,Center,0.0,False,
1359000,1368000,Quiet / Rest,90.09,1,55,Center,0.0,False,
1368000,1377000,Quiet / Rest,79.45,10,28,Center,0.0,True,
1377000,1386000,Quiet / Rest,72.11,0,47,Center,0.0,False,
1386000,1395000,Quiet / Rest,28.08,3,9,Center,0.0,True,
1395000,1404000,Quiet / Rest,4525.06,525,1210,Center,0.2006,False,
1404000,1413000,Possible Sleep,827.9,20,500,Center,0.0769,False,
1413000,1422000,Wake / Active,32.7,10,4,MidRight,0.7143,False,
1422000,1431000,Wake / Active,114.73,24,15,Center,0.4615,False,
1431000,1440000,Quiet / Rest,217.12,33,57,Center,0.1778,False,
1440000,1449000,Quiet / Rest,3919.46,374,1275,Center,0.2474,False,
1449000,1458000,Wake / Active,10348.34,1937,770,MidLeft,0.6561,False,
1458000,1467000,Quiet / Rest,7668.3,1245,1722,MidRight,0.8911,False,
1467000,1476000,Wake / Active,8307.24,1613,1417,MidRight,0.8485,True,
1476000,1485000,Wake / Active,9930.87,1927,1232,Center,0.2159,False,
1485000,1494000,Wake / Active,10990.26,1969,1088,Center,0.5152,False,
1494000,1503000,Quiet / Rest,7600.52,1138,1483,Center,0.3216,False,
1503000,1512000,Wake / Active,11475.75,2383,975,MidLeft,0.8648,True,
1512000,1521000,Quiet / Rest,8543.64,1259,1445,Center,0.3499,False,
1521000,1530000,Quiet / Rest,4100.13,548,1352,Center,0.0611,True,
1530000,1539000,Quiet / Rest,701.62,105,180,Center,0.1053,True,
1539000,1548000,Wake / Active,172.73,36,32,Center,0.0,True,
1548000,1557000,Wake / Active,344.77,72,64,Center,0.0074,True,
1557000,1566000,Quiet / Rest,152.32,25,40,Center,0.0,True,
1566000,1575000,Quiet / Rest,135.05,19,45,Center,0.0,True,
1575000,1584000,Quiet / Rest,1400.84,149,466,Center,0.0033,False,
1584000,1593000,Quiet / Rest,5134.4,655,1660,Center,0.0773,True,
1593000,1602000,Wake / Active,10872.63,1759,1357,Center,0.2786,False,
1602000,1611000,Quiet / Rest,7277.93,1098,1532,Center,0.3202,False,
1611000,1620000,Quiet / Rest,3715.9,553,753,Center,0.3086,False,
1620000,1629000,Quiet / Rest,8589.61,1226,1994,Center,0.2621,True,
1629000,1638000,Wake / Active,12279.75,2283,989,Center,0.4939,False,
1638000,1647000,Wake / Active,9198.37,1722,1398,MidRight,0.7897,False,
1647000,1656000,Wake / Active,11804.22,2053,1073,MidLeft,0.7527,False,
1656000,1665000,Wake / Active,10854.6,1914,1509,Center,0.4064,False,
1665000,1674000,Quiet / Rest,4859.62,559,1803,Center,0.0559,True,
1674000,1683000,Quiet / Rest,6246.16,853,1469,Center,0.2829,False,
1683000,1692000,Wake / Active,9759.63,1662,1595,MidLeft,0.5781,True,
1692000,1701000,Quiet / Rest,9341.72,1558,1933,MidLeft,0.7282,True,
1701000,1710000,Wake / Active,10521.6,1762,1253,Center,0.4239,False,
1710000,1719000,Quiet / Rest,9386.97,1495,1805,MidLeft,0.7133,True,
1719000,1728000,Quiet / Rest,7791.57,1272,1428,Center,0.4385,True,
1728000,1737000,Quiet / Rest,9244.57,1350,1757,Center,0.2256,False,
1737000,1746000,Quiet / Rest,11408.43,1731,1909,Center,0.2473,False,
1746000,1755000,Quiet / Rest,6240.04,874,1474,MidRight,0.54,False,
1755000,1764000,Wake / Active,15901.75,2765,810,Center,0.7136,False,
1764000,1773000,Wake / Active,13200.41,2313,643,MidLeft,0.6526,False,
1773000,1782000,Quiet / Rest,8730.24,1084,2198,MidRight,0.9528,False,
1782000,1791000,Quiet / Rest,8883.35,872,2469,MidRight,0.9569,False,
1791000,1800000,Wake / Active,16351.19,1804,1115,MidLeft,0.6437,False,
1800000,1809000,Wake / Active,13427.55,1914,769,Center,0.5088,False,
1809000,1818000,Quiet / Rest,9985.61,1573,1674,Center,0.4937,False,
1818000,1827000,Wake / Active,8565.52,1644,794,MidRight,0.8962,False,
1827000,1836000,Wake / Active,11066.36,2127,1392,MidRight,0.8068,True,
1836000,1845000,Quiet / Rest,9023.62,1353,1879,MidRight,0.9118,True,
1845000,1854000,Quiet / Rest,6528.76,707,1913,MidRight,0.6542,False,
1854000,1863000,Wake / Active,9812.0,1672,1269,Center,0.3074,False,
1863000,1872000,Wake / Active,9369.25,1960,832,MidRight,0.9244,False,
1872000,1881000,Wake / Active,8687.66,1743,1177,MidRight,0.9325,False,
1881000,1890000,Wake / Active,7635.84,1522,1126,Center,0.2443,True,
1890000,1899000,Quiet / Rest,2610.93,149,1277,Center,0.0477,False,
1899000,1908000,Quiet / Rest,241.54,28,75,Center,0.0485,False,
1908000,1917000,Wake / Active,485.38,96,79,Center,0.2914,False,
1917000,1926000,Quiet / Rest,329.02,47,90,Center,0.0438,True,
1926000,1935000,Quiet / Rest,68.4,8,24,Center,0.2188,True,
1935000,1944000,Quiet / Rest,41.96,0,27,Center,0.037,False,
1944000,1953000,Quiet / Rest,409.94,61,127,Center,0.1011,True,
1953000,1962000,Quiet / Rest,99.6,4,46,Center,0.04,False,
1962000,1971000,Quiet / Rest,107.73,6,51,MidRight,0.5614,True,
1971000,1980000,Quiet / Rest,199.38,33,47,Center,0.25,False,
1980000,1989000,Quiet / Rest,3172.92,331,1230,Center,0.0583,True,
1989000,1998000,Wake / Active,9184.33,1581,1114,Center,0.3288,True,
1998000,2007000,Wake / Active,9109.5,1565,1032,MidRight,0.6611,False,
2007000,2016000,Wake / Active,12110.04,2342,900,MidLeft,0.6453,False,
2016000,2025000,Wake / Active,10970.49,1972,1559,MidRight,0.8272,False,
2025000,2034000,Wake / Active,13107.29,2320,1501,Center,0.4745,False,
2034000,2043000,Quiet / Rest,10205.91,1480,1595,Center,0.5763,False,
2043000,2052000,Wake / Active,8375.01,1571,1099,MidRight,0.8251,False,
2052000,2061000,Wake / Active,13380.82,1910,1286,MidRight,0.5673,False,
2061000,2070000,Quiet / Rest,8078.82,1182,1337,MidRight,0.6411,False,
2070000,2079000,Quiet / Rest,4902.84,613,1673,MidRight,0.5192,False,
2079000,2088000,Quiet / Rest,5387.56,764,1652,MidRight,0.6776,True,
2088000,2097000,Wake / Active,4167.99,785,779,MidRight,0.7596,True,
2097000,2106000,Possible Sleep,975.38,10,720,MidRight,1.0,False,
2106000,2115000,Wake / Active,112.79,23,15,MidRight,1.0,False,
2115000,2124000,Quiet / Rest,64.06,2,43,MidRight,1.0,False,
2124000,2133000,Quiet / Rest,41.68,0,31,MidRight,1.0,False,
2133000,2142000,Quiet / Rest,44.37,0,27,MidRight,1.0,False,
2142000,2151000,Quiet / Rest,111.76,0,71,MidRight,1.0,False,
2151000,2160000,Quiet / Rest,31.76,0,17,MidRight,1.0,False,
2160000,2169000,Quiet / Rest,8.41,0,6,MidRight,1.0,False,
2169000,2178000,Quiet / Rest,80.91,6,34,MidRight,0.95,True,
2178000,2187000,Possible Sleep,1345.98,49,939,MidRight,0.9929,False,
2187000,2196000,Wake / Active,10379.36,1773,935,Center,0.579,False,
2196000,2205000,Wake / Active,10396.61,1850,1161,Center,0.1637,False,
2205000,2214000,Wake / Active,9348.05,1541,1312,MidRight,0.6498,False,
2214000,2223000,Wake / Active,4284.78,841,591,MidRight,0.9839,False,
2223000,2232000,Quiet / Rest,831.24,35,502,MidRight,1.0,False,
2232000,2241000,Possible Sleep,85.52,0,50,MidRight,1.0,False,
2241000,2250000,Possible Sleep,69.87,0,44,MidRight,1.0,False,
2250000,2259000,Possible Sleep,42.26,0,34,MidRight,1.0,False,
2259000,2268000,Possible Sleep,12.24,0,9,MidRight,1.0,False,
2268000,2277000,Possible Sleep,71.68,0,58,MidRight,1.0,False,
2277000,2286000,Quiet / Rest,168.41,10,86,MidRight,0.9896,False,
2286000,2295000,Quiet / Rest,56.85,0,33,MidRight,1.0,False,
2295000,2304000,Quiet / Rest,89.18,0,52,MidRight,1.0,False,
2304000,2313000,Quiet / Rest,56.07,1,37,MidRight,1.0,False,
2313000,2322000,Possible Sleep,21.46,0,18,MidRight,1.0,False,
2322000,2331000,Possible Sleep,47.09,0,31,MidRight,1.0,False,
2331000,2340000,Possible Sleep,16.76,0,11,MidRight,1.0,False,
2340000,2349000,Possible Sleep,53.81,0,35,MidRight,1.0,False,
2349000,2358000,Possible Sleep,1262.52,76,757,MidRight,1.0,False,
2358000,2367000,Possible Sleep,2554.65,284,667,MidRight,0.878,False,
2367000,2376000,Quiet / Rest,43.65,0,27,MidRight,1.0,False,
2376000,2385000,Quiet / Rest,140.03,1,86,MidRight,1.0,False,
2385000,2394000,Quiet / Rest,34.99,0,21,MidRight,1.0,False,
2394000,2403000,Quiet / Rest,70.55,0,47,MidRight,1.0,False,
2403000,2412000,Quiet / Rest,46.34,0,28,MidRight,1.0,False,
2412000,2421000,Quiet / Rest,217.67,26,50,MidRight,1.0,False,
2421000,2430000,Quiet / Rest,19.71,0,15,MidRight,1.0,False,
2430000,2439000,Wake / Active,76.02,15,12,MidRight,1.0,True,
2439000,2448000,Quiet / Rest,34.78,0,26,MidRight,1.0,False,
2448000,2457000,Possible Sleep,1080.63,76,622,MidRight,1.0,False,
2457000,2466000,Quiet / Rest,5438.63,608,1498,MidRight,0.9093,False,
2466000,2475000,Quiet / Rest,337.93,38,133,MidRight,1.0,True,
2475000,2484000,Quiet / Rest,25.06,0,18,MidRight,1.0,False,
2484000,2493000,Quiet / Rest,85.25,1,52,MidRight,1.0,False,
2493000,2502000,Quiet / Rest,12.89,0,9,MidRight,1.0,False,
2502000,2511000,Quiet / Rest,48.23,0,30,MidRight,1.0,False,
2511000,2520000,Quiet / Rest,32.54,0,24,MidRight,1.0,False,
2520000,2529000,Quiet / Rest,27.89,0,22,MidRight,1.0,False,
2529000,2538000,Quiet / Rest,1.41,0,2,MidRight,1.0,False,
2538000,2547000,Quiet / Rest,60.77,0,42,MidRight,1.0,False,
2547000,2556000,Possible Sleep,755.17,8,531,MidRight,1.0,False,
