window,timestamp_clock,rf_label,sgd_label,ensemble_label,rf_sgd_agree,ensemble_confidence,cumulative_agreement_pct
0,15:17:31,Wake / Active,Wake / Active,Wake / Active,True,0.8311,0.0
1,15:18:33,Wake / Active,Wake / Active,Wake / Active,True,0.8384,0.0
2,15:19:34,Wake / Active,Wake / Active,Wake / Active,True,0.8755,0.0
3,15:20:35,Wake / Active,Wake / Active,Wake / Active,True,0.8513,0.0
4,15:21:37,Wake / Active,Wake / Active,Wake / Active,True,0.872,0.0
5,15:22:43,Wake / Active,Wake / Active,Wake / Active,True,0.8557,0.0
6,15:23:46,Quiet / Rest,Quiet / Rest,Quiet / Rest,True,0.8468,0.0
7,15:25:16,Wake / Active,Wake / Active,Wake / Active,True,0.8739,0.0
8,15:26:24,Wake / Active,Wake / Active,Wake / Active,True,0.8854,0.0
9,15:27:40,Wake / Active,Wake / Active,Wake / Active,True,0.8426,0.0
10,15:28:44,Wake / Active,Quiet / Rest,Wake / Active,False,0.8927,100.0
11,15:29:57,Quiet / Rest,Quiet / Rest,Quiet / Rest,True,0.8944,100.0
12,15:31:15,Quiet / Rest,Quiet / Rest,Quiet / Rest,True,0.8684,100.0
13,15:32:35,Quiet / Rest,Quiet / Rest,Quiet / Rest,True,0.8023,100.0
14,15:33:59,Wake / Active,Wake / Active,Wake / Active,True,0.8399,100.0
15,15:35:17,Quiet / Rest,Quiet / Rest,Quiet / Rest,True,0.8849,100.0
16,15:36:24,Quiet / Rest,Quiet / Rest,Quiet / Rest,True,0.8807,100.0
17,15:37:52,Wake / Active,Quiet / Rest,Wake / Active,False,0.8661,100.0
18,15:39:33,Wake / Active,Quiet / Rest,Wake / Active,False,0.8805,100.0
19,15:40:41,Wake / Active,Wake / Active,Wake / Active,True,0.8598,100.0
20,15:41:51,Quiet / Rest,Quiet / Rest,Quiet / Rest,True,0.8583,100.0
21,15:43:03,Quiet / Rest,Quiet / Rest,Quiet / Rest,True,0.915,100.0
22,15:44:07,Wake / Active,Quiet / Rest,Wake / Active,False,0.878,100.0
23,15:45:16,Quiet / Rest,Quiet / Rest,Quiet / Rest,True,0.8661,100.0
24,15:47:14,Wake / Active,Wake / Active,Wake / Active,True,0.8532,100.0
25,15:48:28,Wake / Active,Wake / Active,Wake / Active,True,0.8796,100.0
26,15:49:35,Wake / Active,Wake / Active,Wake / Active,True,0.8584,100.0
27,15:50:41,Wake / Active,Wake / Active,Wake / Active,True,0.875,100.0
28,15:51:46,Quiet / Rest,Quiet / Rest,Quiet / Rest,True,0.8934,100.0
29,15:53:11,Quiet / Rest,Quiet / Rest,Quiet / Rest,True,0.8381,100.0
30,15:54:27,Wake / Active,Wake / Active,Wake / Active,True,0.8669,100.0
31,15:55:50,Wake / Active,Quiet / Rest,Wake / Active,False,0.8996,100.0
32,15:57:09,Quiet / Rest,Quiet / Rest,Quiet / Rest,True,0.847,100.0
33,15:58:52,Quiet / Rest,Quiet / Rest,Quiet / Rest,True,0.8111,100.0
34,16:00:13,Quiet / Rest,Quiet / Rest,Quiet / Rest,True,0.9153,100.0
35,16:01:31,Wake / Active,Wake / Active,Wake / Active,True,0.8703,100.0
36,16:02:47,Wake / Active,Wake / Active,Wake / Active,True,0.8407,100.0
37,16:03:52,Wake / Active,Wake / Active,Wake / Active,True,0.8361,100.0
38,16:04:53,Wake / Active,Wake / Active,Wake / Active,True,0.8751,100.0
39,16:06:02,Wake / Active,Wake / Active,Wake / Active,True,0.8762,100.0
40,16:07:31,Wake / Active,Wake / Active,Wake / Active,True,0.8582,100.0
41,16:08:44,Wake / Active,Wake / Active,Wake / Active,True,0.8563,100.0
42,16:09:50,Quiet / Rest,Quiet / Rest,Quiet / Rest,True,0.8623,100.0
43,16:11:29,Wake / Active,Wake / Active,Wake / Active,True,0.8729,100.0
44,16:12:37,Wake / Active,Wake / Active,Wake / Active,True,0.8775,100.0
45,16:13:45,Wake / Active,Wake / Active,Wake / Active,True,0.8655,100.0
46,16:15:12,Wake / Active,Wake / Active,Wake / Active,True,0.8844,100.0
47,16:17:11,Wake / Active,Quiet / Rest,Wake / Active,False,0.8906,100.0
48,16:18:24,Wake / Active,Wake / Active,Wake / Active,True,0.8484,100.0
49,16:19:36,Wake / Active,Wake / Active,Wake / Active,True,0.8773,100.0
50,16:21:24,Quiet / Rest,Quiet / Rest,Quiet / Rest,True,0.8492,100.0
51,16:22:59,Quiet / Rest,Quiet / Rest,Quiet / Rest,True,0.8439,100.0
52,16:24:14,Wake / Active,Quiet / Rest,Wake / Active,False,0.8736,100.0
53,16:25:25,Possible Sleep,Possible Sleep,Possible Sleep,True,0.8193,100.0
54,16:27:55,Wake / Active,Wake / Active,Wake / Active,True,0.8901,100.0
55,16:29:39,Wake / Active,Wake / Active,Wake / Active,True,0.841,100.0
56,16:30:46,Wake / Active,Quiet / Rest,Wake / Active,False,0.8735,100.0
57,16:33:01,Quiet / Rest,Quiet / Rest,Quiet / Rest,True,0.84,100.0
58,16:34:37,Wake / Active,Quiet / Rest,Wake / Active,False,0.8686,100.0
59,16:35:50,Quiet / Rest,Quiet / Rest,Quiet / Rest,True,0.914,100.0
60,16:37:21,Quiet / Rest,Quiet / Rest,Quiet / Rest,True,0.9143,100.0
61,16:38:57,Quiet / Rest,Quiet / Rest,Quiet / Rest,True,0.8732,100.0
62,16:40:21,Wake / Active,Wake / Active,Wake / Active,True,0.8639,100.0
63,16:41:34,Quiet / Rest,Quiet / Rest,Quiet / Rest,True,0.875,100.0
64,16:43:09,Wake / Active,Wake / Active,Wake / Active,True,0.865,100.0
65,16:44:17,Wake / Active,Wake / Active,Wake / Active,True,0.8716,100.0
66,16:45:29,Wake / Active,Quiet / Rest,Wake / Active,False,0.8763,100.0
67,16:46:50,Quiet / Rest,Quiet / Rest,Quiet / Rest,True,0.9034,100.0
68,16:47:51,Wake / Active,Quiet / Rest,Wake / Active,False,0.8864,100.0
69,16:48:56,Wake / Active,Quiet / Rest,Wake / Active,False,0.8892,100.0
70,16:50:00,Wake / Active,Wake / Active,Wake / Active,True,0.9013,100.0
71,16:51:08,Possible Sleep,Quiet / Rest,Possible Sleep,False,0.8634,100.0
72,16:52:47,Quiet / Rest,Quiet / Rest,Quiet / Rest,True,0.9259,100.0
73,16:54:22,Quiet / Rest,Quiet / Rest,Quiet / Rest,True,0.8584,100.0
74,16:56:03,Wake / Active,Wake / Active,Wake / Active,True,0.8641,100.0
75,16:57:08,Wake / Active,Wake / Active,Wake / Active,True,0.8972,100.0
76,16:58:17,Wake / Active,Wake / Active,Wake / Active,True,0.8717,100.0
77,16:59:24,Wake / Active,Wake / Active,Wake / Active,True,0.8895,100.0
78,17:00:30,Wake / Active,Quiet / Rest,Wake / Active,False,0.8697,100.0
79,17:01:45,Quiet / Rest,Quiet / Rest,Quiet / Rest,True,0.9205,100.0
80,17:03:21,Wake / Active,Wake / Active,Wake / Active,True,0.8149,100.0
81,17:04:41,Possible Sleep,Possible Sleep,Possible Sleep,True,0.9035,100.0
82,17:06:35,Wake / Active,Quiet / Rest,Wake / Active,False,0.8875,100.0
83,17:08:45,Wake / Active,Wake / Active,Wake / Active,True,0.8597,100.0
84,17:09:55,Wake / Active,Wake / Active,Wake / Active,True,0.8716,100.0
85,17:11:52,Wake / Active,Wake / Active,Wake / Active,True,0.8691,100.0
86,17:13:00,Quiet / Rest,Quiet / Rest,Quiet / Rest,True,0.8566,100.0
87,17:14:19,Quiet / Rest,Quiet / Rest,Quiet / Rest,True,0.8486,100.0
88,17:15:42,Quiet / Rest,Quiet / Rest,Quiet / Rest,True,0.8591,100.0
89,17:17:30,Quiet / Rest,Quiet / Rest,Quiet / Rest,True,0.9038,100.0
90,17:19:26,Quiet / Rest,Quiet / Rest,Quiet / Rest,True,0.9186,100.0
91,17:20:54,Quiet / Rest,Wake / Active,Wake / Active,False,0.8172,98.78
92,17:22:13,Wake / Active,Wake / Active,Wake / Active,True,0.8708,98.8
93,17:23:30,Wake / Active,Wake / Active,Wake / Active,True,0.8668,98.81
94,17:24:47,Wake / Active,Wake / Active,Wake / Active,True,0.877,98.82
95,17:25:49,Wake / Active,Quiet / Rest,Wake / Active,False,0.8911,98.84
96,17:27:00,Wake / Active,Wake / Active,Wake / Active,True,0.854,98.85
97,17:28:29,Wake / Active,Wake / Active,Wake / Active,True,0.8742,98.86
98,17:29:38,Wake / Active,Wake / Active,Wake / Active,True,0.8652,98.88
99,17:30:45,Quiet / Rest,Quiet / Rest,Quiet / Rest,True,0.8886,98.89
100,17:32:02,Wake / Active,Wake / Active,Wake / Active,True,0.8827,98.9
101,17:33:16,Quiet / Rest,Quiet / Rest,Quiet / Rest,True,0.8245,98.91
102,17:34:53,Wake / Active,Wake / Active,Wake / Active,True,0.8718,98.92
103,17:36:06,Wake / Active,Wake / Active,Wake / Active,True,0.874,98.94
104,17:37:15,Wake / Active,Wake / Active,Wake / Active,True,0.8425,98.95
105,17:38:17,Wake / Active,Wake / Active,Wake / Active,True,0.8531,98.96
106,17:39:37,Wake / Active,Wake / Active,Wake / Active,True,0.8458,98.97
107,17:40:51,Quiet / Rest,Quiet / Rest,Quiet / Rest,True,0.8947,98.98
108,17:45:14,Wake / Active,Wake / Active,Wake / Active,True,0.8459,98.99
109,17:46:46,Quiet / Rest,Quiet / Rest,Quiet / Rest,True,0.8737,99.0
110,17:49:34,Quiet / Rest,Quiet / Rest,Quiet / Rest,True,0.8852,99.01
111,17:51:03,Wake / Active,Wake / Active,Wake / Active,True,0.8974,99.02
112,17:52:25,Quiet / Rest,Quiet / Rest,Quiet / Rest,True,0.8769,99.03
113,17:53:43,Wake / Active,Wake / Active,Wake / Active,True,0.8538,99.04
114,17:54:51,Wake / Active,Wake / Active,Wake / Active,True,0.8841,99.05
115,17:56:12,Wake / Active,Wake / Active,Wake / Active,True,0.8636,99.06
116,17:57:20,Wake / Active,Wake / Active,Wake / Active,True,0.8819,99.07
117,17:58:31,Wake / Active,Wake / Active,Wake / Active,True,0.8924,99.07
118,17:59:45,Quiet / Rest,Quiet / Rest,Quiet / Rest,True,0.8899,99.08
119,18:01:25,Wake / Active,Wake / Active,Wake / Active,True,0.8536,99.09
120,18:02:50,Wake / Active,Wake / Active,Wake / Active,True,0.8708,99.1
121,18:04:29,Quiet / Rest,Quiet / Rest,Quiet / Rest,True,0.8947,99.11
122,18:05:45,Wake / Active,Wake / Active,Wake / Active,True,0.8642,99.12
123,18:07:05,Wake / Active,Wake / Active,Wake / Active,True,0.8642,99.12
124,18:08:37,Wake / Active,Wake / Active,Wake / Active,True,0.8671,99.13
125,18:10:23,Wake / Active,Wake / Active,Wake / Active,True,0.8439,99.14
126,18:11:35,Wake / Active,Wake / Active,Wake / Active,True,0.8609,99.15
127,18:12:42,Wake / Active,Wake / Active,Wake / Active,True,0.8793,99.15
128,18:14:13,Quiet / Rest,Quiet / Rest,Quiet / Rest,True,0.8758,99.16
129,18:15:31,Quiet / Rest,Quiet / Rest,Quiet / Rest,True,0.8688,99.17
130,18:17:00,Quiet / Rest,Quiet / Rest,Quiet / Rest,True,0.9193,99.17
131,18:18:14,Wake / Active,Quiet / Rest,Wake / Active,False,0.8998,99.18
132,18:19:39,Quiet / Rest,Quiet / Rest,Quiet / Rest,True,0.8749,99.19
133,18:20:48,Wake / Active,Quiet / Rest,Wake / Active,False,0.8636,99.19
134,18:22:05,Wake / Active,Quiet / Rest,Wake / Active,False,0.8894,99.2
135,18:23:18,Quiet / Rest,Quiet / Rest,Quiet / Rest,True,0.917,99.21
136,18:24:44,Wake / Active,Wake / Active,Wake / Active,True,0.8614,99.21
137,18:26:18,Wake / Active,Wake / Active,Wake / Active,True,0.8661,99.22
138,18:27:45,Wake / Active,Wake / Active,Wake / Active,True,0.8531,99.22
139,18:29:08,Wake / Active,Wake / Active,Wake / Active,True,0.8751,99.23
140,18:30:27,Wake / Active,Wake / Active,Wake / Active,True,0.8651,99.24
141,18:32:29,Wake / Active,Wake / Active,Wake / Active,True,0.8918,99.24
142,18:35:41,Wake / Active,Wake / Active,Wake / Active,True,0.8951,99.25
143,18:36:55,Wake / Active,Wake / Active,Wake / Active,True,0.8676,99.25
144,18:38:11,Quiet / Rest,Quiet / Rest,Quiet / Rest,True,0.8775,99.26
145,18:39:29,Quiet / Rest,Quiet / Rest,Quiet / Rest,True,0.8775,99.26
146,18:41:03,Quiet / Rest,Quiet / Rest,Quiet / Rest,True,0.8672,99.27
147,18:42:23,Possible Sleep,Possible Sleep,Possible Sleep,True,0.8913,99.28
148,18:43:56,Quiet / Rest,Possible Sleep,Quiet / Rest,False,0.7544,99.28
149,18:45:11,Wake / Active,Wake / Active,Wake / Active,True,0.8641,99.29
150,18:46:32,Wake / Active,Quiet / Rest,Wake / Active,False,0.8579,99.29
151,18:48:08,Wake / Active,Quiet / Rest,Wake / Active,False,0.8903,99.3
152,18:49:18,Wake / Active,Wake / Active,Wake / Active,True,0.8674,99.3
153,18:50:57,Wake / Active,Wake / Active,Wake / Active,True,0.8901,99.31
154,18:52:55,Quiet / Rest,Quiet / Rest,Quiet / Rest,True,0.8789,99.31
155,18:54:02,Possible Sleep,Possible Sleep,Possible Sleep,True,0.843,99.32
156,18:56:43,Wake / Active,Wake / Active,Wake / Active,True,0.8821,99.32
157,18:57:47,Quiet / Rest,Quiet / Rest,Quiet / Rest,True,0.886,99.32
158,18:58:54,Quiet / Rest,Quiet / Rest,Quiet / Rest,True,0.9349,99.33
159,18:59:59,Quiet / Rest,Quiet / Rest,Quiet / Rest,True,0.8356,99.33
160,19:01:04,Wake / Active,Wake / Active,Wake / Active,True,0.8714,99.34
161,19:02:16,Quiet / Rest,Quiet / Rest,Quiet / Rest,True,0.898,99.34
162,19:03:17,Wake / Active,Quiet / Rest,Wake / Active,False,0.9022,99.35
163,19:04:20,Wake / Active,Wake / Active,Wake / Active,True,0.869,99.35
164,19:05:29,Quiet / Rest,Quiet / Rest,Quiet / Rest,True,0.9107,99.35
165,19:06:34,Quiet / Rest,Quiet / Rest,Quiet / Rest,True,0.8428,99.36
166,19:07:47,Quiet / Rest,Quiet / Rest,Quiet / Rest,True,0.7844,99.36
167,19:09:28,Possible Sleep,Possible Sleep,Possible Sleep,True,0.8788,99.37
168,19:12:19,Quiet / Rest,Quiet / Rest,Quiet / Rest,True,0.8899,99.37
169,19:14:23,Quiet / Rest,Quiet / Rest,Quiet / Rest,True,0.8725,99.38
170,19:15:28,Quiet / Rest,Quiet / Rest,Quiet / Rest,True,0.8924,99.38
171,19:16:34,Wake / Active,Wake / Active,Wake / Active,True,0.8895,99.38
172,19:17:39,Wake / Active,Wake / Active,Wake / Active,True,0.8999,99.39
173,19:18:52,Wake / Active,Wake / Active,Wake / Active,True,0.8641,99.39
174,19:20:21,Quiet / Rest,Quiet / Rest,Quiet / Rest,True,0.8517,99.39
175,19:21:24,Quiet / Rest,Quiet / Rest,Quiet / Rest,True,0.8906,99.4
176,19:22:30,Wake / Active,Wake / Active,Wake / Active,True,0.8679,99.4
177,19:23:35,Wake / Active,Wake / Active,Wake / Active,True,0.8711,99.4
178,19:24:41,Wake / Active,Wake / Active,Wake / Active,True,0.8556,99.41
179,19:25:59,Wake / Active,Wake / Active,Wake / Active,True,0.8546,99.41
180,19:27:02,Wake / Active,Wake / Active,Wake / Active,True,0.8535,99.42
181,19:28:08,Quiet / Rest,Quiet / Rest,Quiet / Rest,True,0.8024,99.42
182,19:30:03,Wake / Active,Wake / Active,Wake / Active,True,0.8864,99.42
183,19:31:43,Quiet / Rest,Quiet / Rest,Quiet / Rest,True,0.8798,99.43
184,19:33:26,Wake / Active,Wake / Active,Wake / Active,True,0.8738,99.43
185,19:34:45,Wake / Active,Wake / Active,Wake / Active,True,0.8463,99.43
186,19:35:51,Wake / Active,Wake / Active,Wake / Active,True,0.8378,99.44
187,19:37:06,Wake / Active,Wake / Active,Wake / Active,True,0.8711,99.44
188,19:38:21,Quiet / Rest,Quiet / Rest,Quiet / Rest,True,0.8989,99.44
189,19:39:36,Quiet / Rest,Quiet / Rest,Quiet / Rest,True,0.8705,99.44
190,19:41:48,Quiet / Rest,Quiet / Rest,Quiet / Rest,True,0.7949,99.45
191,19:43:35,Possible Sleep,Possible Sleep,Possible Sleep,True,0.8455,99.45
192,19:45:01,Quiet / Rest,Quiet / Rest,Quiet / Rest,True,0.819,99.45
193,19:47:07,Wake / Active,Wake / Active,Wake / Active,True,0.8606,99.46
194,19:48:10,Wake / Active,Wake / Active,Wake / Active,True,0.8746,99.46
195,19:49:26,Wake / Active,Wake / Active,Wake / Active,True,0.8748,99.46
196,19:50:34,Wake / Active,Wake / Active,Wake / Active,True,0.8863,99.47
197,19:51:53,Quiet / Rest,Quiet / Rest,Quiet / Rest,True,0.8473,99.47
198,19:54:23,Wake / Active,Wake / Active,Wake / Active,True,0.8789,99.47
199,19:55:30,Quiet / Rest,Quiet / Rest,Quiet / Rest,True,0.8527,99.47
200,19:57:10,Quiet / Rest,Possible Sleep,Quiet / Rest,False,0.78,99.48
201,20:00:29,Quiet / Rest,Quiet / Rest,Quiet / Rest,True,0.8804,99.48
202,20:02:19,Wake / Active,Wake / Active,Wake / Active,True,0.8538,99.48
203,20:03:49,Wake / Active,Wake / Active,Wake / Active,True,0.8771,99.48
204,20:05:20,Wake / Active,Wake / Active,Wake / Active,True,0.8683,99.49
205,20:06:24,Wake / Active,Wake / Active,Wake / Active,True,0.8576,99.49
206,20:07:27,Wake / Active,Wake / Active,Wake / Active,True,0.8479,99.49
207,20:08:37,Quiet / Rest,Quiet / Rest,Quiet / Rest,True,0.8613,99.49
208,20:09:53,Wake / Active,Quiet / Rest,Wake / Active,False,0.8376,99.5
209,20:12:47,Quiet / Rest,Quiet / Rest,Quiet / Rest,True,0.8677,99.5
210,20:14:21,Quiet / Rest,Wake / Active,Quiet / Rest,False,0.7962,99.5
211,20:16:07,Wake / Active,Wake / Active,Wake / Active,True,0.8591,99.5
212,20:17:47,Wake / Active,Quiet / Rest,Wake / Active,False,0.8695,99.51
213,20:19:03,Wake / Active,Wake / Active,Wake / Active,True,0.8595,99.51
214,20:20:49,Wake / Active,Wake / Active,Wake / Active,True,0.8772,99.51
215,20:23:12,Wake / Active,Wake / Active,Wake / Active,True,0.8284,99.51
216,20:24:16,Wake / Active,Wake / Active,Wake / Active,True,0.822,99.52
217,20:25:20,Wake / Active,Wake / Active,Wake / Active,True,0.864,99.52
218,20:27:22,Wake / Active,Wake / Active,Wake / Active,True,0.878,99.52
219,20:28:38,Quiet / Rest,Quiet / Rest,Quiet / Rest,True,0.8978,99.52
220,20:30:10,Quiet / Rest,Quiet / Rest,Quiet / Rest,True,0.7876,99.53
221,20:32:06,Wake / Active,Wake / Active,Wake / Active,True,0.8227,99.53
222,20:33:46,Wake / Active,Wake / Active,Wake / Active,True,0.8735,99.53
223,20:35:03,Wake / Active,Wake / Active,Wake / Active,True,0.8501,99.53
224,20:36:27,Wake / Active,Wake / Active,Wake / Active,True,0.85,99.53
225,20:37:34,Quiet / Rest,Quiet / Rest,Quiet / Rest,True,0.8161,99.54
226,20:39:10,Quiet / Rest,Quiet / Rest,Quiet / Rest,True,0.8708,99.54
227,20:40:25,Wake / Active,Wake / Active,Wake / Active,True,0.8959,99.54
228,20:41:43,Quiet / Rest,Quiet / Rest,Quiet / Rest,True,0.8878,99.54
229,20:43:01,Wake / Active,Wake / Active,Wake / Active,True,0.8394,99.55
230,20:44:08,Wake / Active,Wake / Active,Wake / Active,True,0.8869,99.55
231,20:45:41,Quiet / Rest,Quiet / Rest,Quiet / Rest,True,0.806,99.55
232,20:48:06,Wake / Active,Wake / Active,Wake / Active,True,0.8724,99.55
233,20:49:24,Wake / Active,Wake / Active,Wake / Active,True,0.8748,99.55
234,20:50:35,Quiet / Rest,Quiet / Rest,Quiet / Rest,True,0.8616,99.56
235,20:52:20,Quiet / Rest,Quiet / Rest,Quiet / Rest,True,0.9132,99.56
236,20:53:42,Quiet / Rest,Quiet / Rest,Quiet / Rest,True,0.8879,99.56
237,20:55:18,Wake / Active,Wake / Active,Wake / Active,True,0.8393,99.56
238,20:56:41,Wake / Active,Wake / Active,Wake / Active,True,0.8544,99.56
239,20:57:52,Wake / Active,Wake / Active,Wake / Active,True,0.8718,99.57
240,21:00:33,Wake / Active,Wake / Active,Wake / Active,True,0.8623,99.57
241,21:02:30,Wake / Active,Wake / Active,Wake / Active,True,0.8455,99.57
242,21:03:38,Quiet / Rest,Quiet / Rest,Quiet / Rest,True,0.8322,99.57
243,21:05:20,Wake / Active,Wake / Active,Wake / Active,True,0.8841,99.57
244,21:06:43,Wake / Active,Wake / Active,Wake / Active,True,0.8924,99.57
245,21:07:56,Quiet / Rest,Quiet / Rest,Quiet / Rest,True,0.8653,99.58
246,21:09:49,Wake / Active,Wake / Active,Wake / Active,True,0.8324,99.58
247,21:11:23,Quiet / Rest,Quiet / Rest,Quiet / Rest,True,0.8576,99.58
248,21:13:00,Quiet / Rest,Quiet / Rest,Quiet / Rest,True,0.8181,99.58
249,21:14:23,Quiet / Rest,Quiet / Rest,Quiet / Rest,True,0.8368,99.58
250,21:16:19,Quiet / Rest,Quiet / Rest,Quiet / Rest,True,0.9068,99.59
251,21:17:56,Quiet / Rest,Quiet / Rest,Quiet / Rest,True,0.8592,99.59
252,21:19:38,Quiet / Rest,Quiet / Rest,Quiet / Rest,True,0.86,99.59
253,21:20:47,Wake / Active,Quiet / Rest,Wake / Active,False,0.8915,99.59
254,21:22:02,Wake / Active,Wake / Active,Wake / Active,True,0.8621,99.59
255,21:23:14,Wake / Active,Quiet / Rest,Wake / Active,False,0.8987,99.59
256,21:24:27,Wake / Active,Wake / Active,Wake / Active,True,0.8838,99.6
257,21:25:36,Wake / Active,Wake / Active,Wake / Active,True,0.8984,99.6
258,21:26:42,Quiet / Rest,Quiet / Rest,Quiet / Rest,True,0.8992,99.6
259,21:27:46,Quiet / Rest,Quiet / Rest,Quiet / Rest,True,0.9113,99.6
260,21:28:56,Wake / Active,Quiet / Rest,Wake / Active,False,0.9023,99.6
261,21:30:00,Wake / Active,Wake / Active,Wake / Active,True,0.8823,99.6
262,21:31:26,Wake / Active,Wake / Active,Wake / Active,True,0.9115,99.6
263,21:32:49,Quiet / Rest,Quiet / Rest,Quiet / Rest,True,0.8959,99.61
264,21:34:33,Quiet / Rest,Quiet / Rest,Quiet / Rest,True,0.9125,99.61
265,21:35:59,Wake / Active,Wake / Active,Wake / Active,True,0.8445,99.61
266,21:37:29,Wake / Active,Wake / Active,Wake / Active,True,0.8748,99.61
267,21:39:18,Quiet / Rest,Quiet / Rest,Quiet / Rest,True,0.9073,99.61
268,21:41:08,Possible Sleep,Possible Sleep,Possible Sleep,True,0.8327,99.61
269,21:42:33,Wake / Active,Wake / Active,Wake / Active,True,0.8626,99.62
270,21:43:58,Wake / Active,Quiet / Rest,Wake / Active,False,0.8943,99.62
271,21:45:01,Wake / Active,Wake / Active,Wake / Active,True,0.8693,99.62
272,21:46:10,Wake / Active,Wake / Active,Wake / Active,True,0.8717,99.62
273,21:47:26,Wake / Active,Wake / Active,Wake / Active,True,0.8653,99.62
274,21:48:48,Wake / Active,Wake / Active,Wake / Active,True,0.8638,99.62
275,21:50:10,Quiet / Rest,Quiet / Rest,Quiet / Rest,True,0.8778,99.62
276,21:52:25,Quiet / Rest,Quiet / Rest,Quiet / Rest,True,0.872,99.63
277,21:53:35,Wake / Active,Quiet / Rest,Wake / Active,False,0.8919,99.63
278,21:54:47,Quiet / Rest,Quiet / Rest,Quiet / Rest,True,0.9322,99.63
279,21:56:20,Wake / Active,Quiet / Rest,Wake / Active,False,0.8956,99.63
280,21:57:55,Wake / Active,Wake / Active,Wake / Active,True,0.8825,99.63
281,21:59:10,Wake / Active,Quiet / Rest,Wake / Active,False,0.8459,99.63
282,22:00:51,Wake / Active,Wake / Active,Wake / Active,True,0.8276,99.63
283,22:02:04,Wake / Active,Wake / Active,Wake / Active,True,0.8712,99.64
284,22:03:12,Quiet / Rest,Quiet / Rest,Quiet / Rest,True,0.8684,99.64
285,22:04:36,Quiet / Rest,Quiet / Rest,Quiet / Rest,True,0.9097,99.64
286,22:05:53,Wake / Active,Quiet / Rest,Wake / Active,False,0.8753,99.64
287,22:06:59,Quiet / Rest,Quiet / Rest,Quiet / Rest,True,0.8371,99.64
288,22:08:22,Quiet / Rest,Quiet / Rest,Quiet / Rest,True,0.8326,99.64
289,22:09:47,Wake / Active,Wake / Active,Wake / Active,True,0.8683,99.64
290,22:10:56,Quiet / Rest,Quiet / Rest,Quiet / Rest,True,0.8436,99.64
291,22:12:39,Wake / Active,Wake / Active,Wake / Active,True,0.851,99.65
292,22:13:58,Wake / Active,Wake / Active,Wake / Active,True,0.8561,99.65
293,22:15:13,Wake / Active,Wake / Active,Wake / Active,True,0.8586,99.65
294,22:16:30,Quiet / Rest,Quiet / Rest,Quiet / Rest,True,0.8412,99.65
295,22:17:54,Wake / Active,Wake / Active,Wake / Active,True,0.8697,99.65
296,22:19:59,Wake / Active,Wake / Active,Wake / Active,True,0.8571,99.65
297,22:21:05,Quiet / Rest,Quiet / Rest,Quiet / Rest,True,0.8946,99.65
298,22:22:09,Quiet / Rest,Quiet / Rest,Quiet / Rest,True,0.8681,99.65
299,22:23:13,Quiet / Rest,Quiet / Rest,Quiet / Rest,True,0.9064,99.66
300,22:24:23,Quiet / Rest,Quiet / Rest,Quiet / Rest,True,0.8548,99.66
301,22:25:27,Quiet / Rest,Quiet / Rest,Quiet / Rest,True,0.8923,99.66
302,22:26:50,Wake / Active,Wake / Active,Wake / Active,True,0.8762,99.66
303,22:28:02,Wake / Active,Wake / Active,Wake / Active,True,0.892,99.66
304,22:29:07,Quiet / Rest,Quiet / Rest,Quiet / Rest,True,0.834,99.66
305,22:30:15,Wake / Active,Wake / Active,Wake / Active,True,0.8502,99.66
306,22:31:21,Wake / Active,Wake / Active,Wake / Active,True,0.868,99.66
307,22:32:53,Wake / Active,Wake / Active,Wake / Active,True,0.8657,99.66
308,22:34:05,Quiet / Rest,Quiet / Rest,Quiet / Rest,True,0.8748,99.67
309,22:35:35,Quiet / Rest,Quiet / Rest,Quiet / Rest,True,0.8953,99.67
310,22:36:40,Wake / Active,Quiet / Rest,Wake / Active,False,0.8522,99.67
311,22:37:45,Quiet / Rest,Quiet / Rest,Quiet / Rest,True,0.9065,99.67
312,22:38:56,Quiet / Rest,Quiet / Rest,Quiet / Rest,True,0.9082,99.67
313,22:40:13,Wake / Active,Wake / Active,Wake / Active,True,0.8631,99.67
314,22:41:47,Quiet / Rest,Quiet / Rest,Quiet / Rest,True,0.8962,99.67
315,22:43:33,Wake / Active,Wake / Active,Wake / Active,True,0.9014,99.67
316,22:44:39,Quiet / Rest,Quiet / Rest,Quiet / Rest,True,0.9291,99.67
317,22:45:52,Quiet / Rest,Quiet / Rest,Quiet / Rest,True,0.8879,99.68
318,22:47:17,Wake / Active,Quiet / Rest,Wake / Active,False,0.9068,99.68
319,22:48:32,Wake / Active,Wake / Active,Wake / Active,True,0.8608,99.68
320,22:49:47,Possible Sleep,Possible Sleep,Possible Sleep,True,0.8864,99.68
321,22:51:24,Quiet / Rest,Quiet / Rest,Quiet / Rest,True,0.7927,99.68
322,22:53:30,Quiet / Rest,Quiet / Rest,Quiet / Rest,True,0.872,99.68
323,22:55:19,Quiet / Rest,Quiet / Rest,Quiet / Rest,True,0.8579,99.68
324,22:57:03,Quiet / Rest,Quiet / Rest,Quiet / Rest,True,0.7889,99.68
325,22:58:19,Wake / Active,Wake / Active,Wake / Active,True,0.8432,99.68
326,22:59:44,Wake / Active,Wake / Active,Wake / Active,True,0.886,99.68
327,23:00:53,Wake / Active,Wake / Active,Wake / Active,True,0.8799,99.69
328,23:02:03,Wake / Active,Quiet / Rest,Wake / Active,False,0.8916,99.69
329,23:04:01,Wake / Active,Wake / Active,Wake / Active,True,0.877,99.69
330,23:05:21,Quiet / Rest,Quiet / Rest,Quiet / Rest,True,0.8002,99.69
331,23:06:52,Quiet / Rest,Quiet / Rest,Quiet / Rest,True,0.7953,99.69
332,23:08:26,Quiet / Rest,Quiet / Rest,Quiet / Rest,True,0.8505,99.69
333,23:10:02,Wake / Active,Quiet / Rest,Wake / Active,False,0.8934,99.69
334,23:11:52,Wake / Active,Wake / Active,Wake / Active,True,0.883,99.69
335,23:14:46,Wake / Active,Wake / Active,Wake / Active,True,0.885,99.69
336,23:17:04,Wake / Active,Wake / Active,Wake / Active,True,0.871,99.69
337,23:18:33,Wake / Active,Wake / Active,Wake / Active,True,0.8748,99.7
338,23:20:22,Quiet / Rest,Quiet / Rest,Quiet / Rest,True,0.9051,99.7
339,23:22:02,Wake / Active,Wake / Active,Wake / Active,True,0.8475,99.7
340,23:23:07,Wake / Active,Wake / Active,Wake / Active,True,0.8709,99.7
341,23:24:20,Wake / Active,Wake / Active,Wake / Active,True,0.8651,99.7
342,23:26:09,Quiet / Rest,Quiet / Rest,Quiet / Rest,True,0.8397,99.7
343,23:28:15,Wake / Active,Wake / Active,Wake / Active,True,0.817,99.7
344,23:29:51,Wake / Active,Wake / Active,Wake / Active,True,0.8909,99.7
345,23:31:27,Possible Sleep,Quiet / Rest,Possible Sleep,False,0.8481,99.7
346,23:32:36,Quiet / Rest,Quiet / Rest,Quiet / Rest,True,0.9304,99.7
347,23:33:57,Wake / Active,Quiet / Rest,Wake / Active,False,0.8712,99.7
348,23:35:23,Wake / Active,Wake / Active,Wake / Active,True,0.8803,99.71
349,23:36:53,Wake / Active,Wake / Active,Wake / Active,True,0.8515,99.71
350,23:38:06,Quiet / Rest,Quiet / Rest,Quiet / Rest,True,0.921,99.71
351,23:39:15,Wake / Active,Quiet / Rest,Wake / Active,False,0.8832,99.71
352,23:40:21,Quiet / Rest,Quiet / Rest,Quiet / Rest,True,0.8891,99.71
353,23:42:47,Quiet / Rest,Quiet / Rest,Quiet / Rest,True,0.9113,99.71
354,23:44:07,Quiet / Rest,Quiet / Rest,Quiet / Rest,True,0.8737,99.71
355,23:45:19,Quiet / Rest,Quiet / Rest,Quiet / Rest,True,0.8969,99.71
356,23:47:02,Quiet / Rest,Quiet / Rest,Quiet / Rest,True,0.9045,99.71
357,23:48:49,Quiet / Rest,Quiet / Rest,Quiet / Rest,True,0.8481,99.71
358,23:50:21,Quiet / Rest,Quiet / Rest,Quiet / Rest,True,0.8685,99.71
359,23:52:13,Quiet / Rest,Quiet / Rest,Quiet / Rest,True,0.7857,99.71
360,23:56:17,Quiet / Rest,Possible Sleep,Quiet / Rest,False,0.7599,99.72
361,23:58:43,Quiet / Rest,Quiet / Rest,Quiet / Rest,True,0.7937,99.72
362,00:00:27,Quiet / Rest,Quiet / Rest,Quiet / Rest,True,0.8699,99.72
363,01:04:26,Possible Sleep,Possible Sleep,Possible Sleep,True,0.8545,99.72
364,01:06:54,Wake / Active,Wake / Active,Wake / Active,True,0.8319,99.72
365,01:08:12,Wake / Active,Wake / Active,Wake / Active,True,0.8435,99.72
366,01:09:47,Wake / Active,Wake / Active,Wake / Active,True,0.8667,99.72
367,01:10:57,Wake / Active,Wake / Active,Wake / Active,True,0.847,99.72
368,01:12:10,Wake / Active,Wake / Active,Wake / Active,True,0.8685,99.72
369,01:14:19,Wake / Active,Quiet / Rest,Wake / Active,False,0.8927,99.72
370,01:15:30,Wake / Active,Wake / Active,Wake / Active,True,0.8725,99.72
371,01:16:41,Quiet / Rest,Quiet / Rest,Quiet / Rest,True,0.8928,99.72
372,01:18:03,Quiet / Rest,Quiet / Rest,Quiet / Rest,True,0.9081,99.72
373,01:20:08,Wake / Active,Wake / Active,Wake / Active,True,0.8889,99.73
374,01:21:13,Wake / Active,Quiet / Rest,Wake / Active,False,0.8721,99.73
375,01:23:37,Wake / Active,Wake / Active,Wake / Active,True,0.8544,99.73
376,01:24:49,Wake / Active,Wake / Active,Wake / Active,True,0.887,99.73
377,01:25:58,Wake / Active,Wake / Active,Wake / Active,True,0.8804,99.73
378,01:27:13,Wake / Active,Wake / Active,Wake / Active,True,0.9076,99.73
379,01:28:28,Wake / Active,Wake / Active,Wake / Active,True,0.8976,99.73
380,01:29:52,Wake / Active,Wake / Active,Wake / Active,True,0.8901,99.73
381,01:31:02,Wake / Active,Wake / Active,Wake / Active,True,0.8907,99.73
382,01:32:13,Wake / Active,Wake / Active,Wake / Active,True,0.8936,99.73
383,01:33:21,Wake / Active,Wake / Active,Wake / Active,True,0.9076,99.73
384,01:34:30,Wake / Active,Wake / Active,Wake / Active,True,0.9026,99.73
385,01:35:56,Wake / Active,Wake / Active,Wake / Active,True,0.8594,99.73
386,01:37:23,Wake / Active,Wake / Active,Wake / Active,True,0.8672,99.73
387,01:38:55,Wake / Active,Wake / Active,Wake / Active,True,0.8613,99.74
388,01:40:07,Wake / Active,Wake / Active,Wake / Active,True,0.8711,99.74
389,01:41:50,Possible Sleep,Possible Sleep,Possible Sleep,True,0.8396,99.74
390,01:44:20,Wake / Active,Wake / Active,Wake / Active,True,0.8609,99.74
391,01:45:31,Wake / Active,Wake / Active,Wake / Active,True,0.8773,99.74
392,01:46:47,Wake / Active,Wake / Active,Wake / Active,True,0.8676,99.74
393,01:48:34,Quiet / Rest,Quiet / Rest,Quiet / Rest,True,0.8812,99.74
394,01:50:17,Quiet / Rest,Quiet / Rest,Quiet / Rest,True,0.8034,99.74
395,01:51:50,Possible Sleep,Possible Sleep,Possible Sleep,True,0.8955,99.74
396,01:53:17,Wake / Active,Wake / Active,Wake / Active,True,0.8625,99.74
397,01:54:36,Wake / Active,Quiet / Rest,Wake / Active,False,0.8891,99.74
398,01:56:05,Wake / Active,Wake / Active,Wake / Active,True,0.8734,99.74
399,01:57:25,Quiet / Rest,Quiet / Rest,Quiet / Rest,True,0.8402,99.74
400,01:58:54,Possible Sleep,Possible Sleep,Possible Sleep,True,0.8197,99.74
401,02:00:17,Quiet / Rest,Quiet / Rest,Quiet / Rest,True,0.8661,99.74
402,02:01:29,Wake / Active,Wake / Active,Wake / Active,True,0.8659,99.75
403,02:03:22,Wake / Active,Wake / Active,Wake / Active,True,0.8622,99.75
404,02:04:44,Wake / Active,Quiet / Rest,Wake / Active,False,0.8833,99.75
405,02:07:26,Wake / Active,Wake / Active,Wake / Active,True,0.8735,99.75
406,02:08:47,Quiet / Rest,Quiet / Rest,Quiet / Rest,True,0.8465,99.75
407,02:10:01,Wake / Active,Wake / Active,Wake / Active,True,0.8713,99.75
408,02:11:25,Wake / Active,Wake / Active,Wake / Active,True,0.8659,99.75
409,02:13:14,Wake / Active,Quiet / Rest,Wake / Active,False,0.8753,99.75
410,02:15:09,Wake / Active,Wake / Active,Wake / Active,True,0.8745,99.75
411,02:16:24,Quiet / Rest,Quiet / Rest,Quiet / Rest,True,0.903,99.75
412,02:17:40,Wake / Active,Wake / Active,Wake / Active,True,0.8819,99.75
413,02:20:21,Wake / Active,Wake / Active,Wake / Active,True,0.8422,99.75
414,02:21:37,Quiet / Rest,Quiet / Rest,Quiet / Rest,True,0.9048,99.75
415,02:22:46,Quiet / Rest,Quiet / Rest,Quiet / Rest,True,0.8539,99.75
416,02:24:19,Quiet / Rest,Quiet / Rest,Quiet / Rest,True,0.8453,99.75
417,02:25:27,Quiet / Rest,Quiet / Rest,Quiet / Rest,True,0.9056,99.75
418,02:27:22,Quiet / Rest,Quiet / Rest,Quiet / Rest,True,0.9228,99.76
419,02:29:09,Quiet / Rest,Quiet / Rest,Quiet / Rest,True,0.8491,99.76
420,02:31:34,Wake / Active,Quiet / Rest,Wake / Active,False,0.8721,99.76
421,02:32:55,Wake / Active,Wake / Active,Wake / Active,True,0.8747,99.76
422,02:34:20,Wake / Active,Wake / Active,Wake / Active,True,0.8808,99.76
423,02:36:06,Wake / Active,Wake / Active,Wake / Active,True,0.8885,99.76
424,02:39:42,Wake / Active,Wake / Active,Wake / Active,True,0.8914,99.76
425,02:41:47,Wake / Active,Quiet / Rest,Wake / Active,False,0.9012,99.76
426,02:44:48,Wake / Active,Quiet / Rest,Wake / Active,False,0.8984,99.76
427,02:46:17,Wake / Active,Wake / Active,Wake / Active,True,0.8744,99.76
428,02:47:40,Wake / Active,Wake / Active,Wake / Active,True,0.8761,99.76
429,02:49:18,Wake / Active,Wake / Active,Wake / Active,True,0.8568,99.76
430,02:50:39,Wake / Active,Wake / Active,Wake / Active,True,0.8866,99.76
431,02:52:27,Quiet / Rest,Quiet / Rest,Quiet / Rest,True,0.9132,99.76
432,02:53:50,Wake / Active,Wake / Active,Wake / Active,True,0.8768,99.76
433,02:54:53,Quiet / Rest,Quiet / Rest,Quiet / Rest,True,0.8519,99.76
434,02:57:08,Wake / Active,Wake / Active,Wake / Active,True,0.8895,99.76
435,02:58:16,Wake / Active,Wake / Active,Wake / Active,True,0.8723,99.77
436,02:59:25,Wake / Active,Wake / Active,Wake / Active,True,0.867,99.77
437,03:00:33,Wake / Active,Wake / Active,Wake / Active,True,0.8665,99.77
438,03:01:40,Quiet / Rest,Quiet / Rest,Quiet / Rest,True,0.9197,99.77
439,03:03:15,Quiet / Rest,Quiet / Rest,Quiet / Rest,True,0.8932,99.77
440,03:04:46,Quiet / Rest,Quiet / Rest,Quiet / Rest,True,0.9132,99.77
441,03:06:23,Quiet / Rest,Quiet / Rest,Quiet / Rest,True,0.882,99.77
442,03:08:22,Quiet / Rest,Quiet / Rest,Quiet / Rest,True,0.9312,99.77
443,03:10:28,Wake / Active,Quiet / Rest,Wake / Active,False,0.8984,99.77
444,03:11:50,Quiet / Rest,Quiet / Rest,Quiet / Rest,True,0.8706,99.77
445,03:13:11,Quiet / Rest,Quiet / Rest,Quiet / Rest,True,0.917,99.77
446,03:15:35,Wake / Active,Quiet / Rest,Wake / Active,False,0.9067,99.77
447,03:17:04,Wake / Active,Wake / Active,Wake / Active,True,0.8607,99.77
448,03:18:24,Quiet / Rest,Quiet / Rest,Quiet / Rest,True,0.9021,99.77
449,03:20:29,Wake / Active,Quiet / Rest,Wake / Active,False,0.8873,99.77
450,03:21:40,Wake / Active,Quiet / Rest,Wake / Active,False,0.8948,99.77
451,03:22:50,Quiet / Rest,Quiet / Rest,Quiet / Rest,True,0.8404,99.77
452,03:24:18,Possible Sleep,Possible Sleep,Possible Sleep,True,0.8535,99.77
453,03:26:22,Quiet / Rest,Quiet / Rest,Quiet / Rest,True,0.9108,99.77
454,03:29:23,Quiet / Rest,Quiet / Rest,Quiet / Rest,True,0.9213,99.78
455,03:31:23,Wake / Active,Wake / Active,Wake / Active,True,0.8158,99.78
456,03:32:32,Possible Sleep,Possible Sleep,Possible Sleep,True,0.9073,99.78
457,03:34:29,Possible Sleep,Possible Sleep,Possible Sleep,True,0.8473,99.78
458,03:36:05,Quiet / Rest,Quiet / Rest,Quiet / Rest,True,0.8912,99.78
459,03:57:37,Quiet / Rest,Quiet / Rest,Quiet / Rest,True,0.9196,99.78
460,05:28:04,Quiet / Rest,Quiet / Rest,Quiet / Rest,True,0.8874,99.78
461,05:31:09,Wake / Active,Wake / Active,Wake / Active,True,0.8503,99.78
462,05:32:56,Wake / Active,Wake / Active,Wake / Active,True,0.8644,99.78
463,05:34:31,Quiet / Rest,Quiet / Rest,Quiet / Rest,True,0.8815,99.78
464,05:36:31,Quiet / Rest,Quiet / Rest,Quiet / Rest,True,0.8932,99.78
465,05:38:59,Quiet / Rest,Quiet / Rest,Quiet / Rest,True,0.9292,99.78
466,05:48:27,Quiet / Rest,Quiet / Rest,Quiet / Rest,True,0.9001,99.78
467,06:59:07,Quiet / Rest,Quiet / Rest,Quiet / Rest,True,0.886,99.78
468,07:01:57,Quiet / Rest,Quiet / Rest,Quiet / Rest,True,0.9121,99.78
469,07:03:09,Wake / Active,Wake / Active,Wake / Active,True,0.8637,99.78
470,07:04:21,Wake / Active,Quiet / Rest,Wake / Active,False,0.8955,99.78
471,07:08:15,Quiet / Rest,Quiet / Rest,Quiet / Rest,True,0.9362,99.78
472,07:46:33,Quiet / Rest,Quiet / Rest,Quiet / Rest,True,0.9219,99.78
473,08:57:48,Quiet / Rest,Quiet / Rest,Quiet / Rest,True,0.8624,99.78
474,09:12:48,Quiet / Rest,Quiet / Rest,Quiet / Rest,True,0.9046,99.78
475,09:14:42,Quiet / Rest,Quiet / Rest,Quiet / Rest,True,0.889,99.79
476,09:16:24,Wake / Active,Wake / Active,Wake / Active,True,0.8603,99.79
477,09:18:47,Wake / Active,Wake / Active,Wake / Active,True,0.8534,99.79
478,09:20:45,Wake / Active,Wake / Active,Wake / Active,True,0.8926,99.79
479,09:22:01,Quiet / Rest,Quiet / Rest,Quiet / Rest,True,0.8478,99.79
480,09:24:18,Wake / Active,Quiet / Rest,Wake / Active,False,0.9046,99.79
481,09:25:29,Wake / Active,Wake / Active,Wake / Active,True,0.8876,99.79
482,09:26:40,Wake / Active,Wake / Active,Wake / Active,True,0.8697,99.79
483,09:28:03,Quiet / Rest,Quiet / Rest,Quiet / Rest,True,0.8371,99.79
484,09:29:26,Wake / Active,Wake / Active,Wake / Active,True,0.85,99.79
485,09:30:53,Wake / Active,Quiet / Rest,Wake / Active,False,0.8751,99.79
486,09:32:28,Wake / Active,Quiet / Rest,Wake / Active,False,0.8849,99.79
487,09:33:34,Quiet / Rest,Quiet / Rest,Quiet / Rest,True,0.8112,99.79
488,09:35:58,Wake / Active,Wake / Active,Wake / Active,True,0.8577,99.79
489,09:37:26,Wake / Active,Quiet / Rest,Wake / Active,False,0.8951,99.79
490,09:40:30,Wake / Active,Quiet / Rest,Wake / Active,False,0.904,99.79
491,09:41:59,Quiet / Rest,Quiet / Rest,Quiet / Rest,True,0.8775,99.79
492,09:43:59,Possible Sleep,Possible Sleep,Possible Sleep,True,0.8361,99.79
493,09:45:19,Wake / Active,Wake / Active,Wake / Active,True,0.8688,99.79
494,09:47:28,Wake / Active,Wake / Active,Wake / Active,True,0.8694,99.79
495,09:48:35,Quiet / Rest,Quiet / Rest,Quiet / Rest,True,0.8937,99.79
496,09:50:55,Quiet / Rest,Quiet / Rest,Quiet / Rest,True,0.8896,99.79
497,09:52:57,Wake / Active,Wake / Active,Wake / Active,True,0.8761,99.8
498,09:55:56,Wake / Active,Wake / Active,Wake / Active,True,0.8574,99.8
499,09:57:11,Wake / Active,Wake / Active,Wake / Active,True,0.8474,99.8
500,09:58:31,Wake / Active,Wake / Active,Wake / Active,True,0.8579,99.8
501,09:59:41,Wake / Active,Quiet / Rest,Wake / Active,False,0.8811,99.8
502,10:01:23,Quiet / Rest,Quiet / Rest,Quiet / Rest,True,0.9087,99.8
503,10:02:49,Quiet / Rest,Quiet / Rest,Quiet / Rest,True,0.9096,99.8
504,10:04:45,Wake / Active,Wake / Active,Wake / Active,True,0.8437,99.8
505,10:05:53,Wake / Active,Quiet / Rest,Wake / Active,False,0.8753,99.8
506,10:07:11,Quiet / Rest,Quiet / Rest,Quiet / Rest,True,0.9148,99.8
507,10:08:32,Quiet / Rest,Quiet / Rest,Quiet / Rest,True,0.9095,99.8
508,10:10:38,Quiet / Rest,Quiet / Rest,Quiet / Rest,True,0.9285,99.8
509,10:12:13,Quiet / Rest,Quiet / Rest,Quiet / Rest,True,0.9366,99.8
510,10:13:35,Quiet / Rest,Quiet / Rest,Quiet / Rest,True,0.8658,99.8
511,10:16:00,Quiet / Rest,Quiet / Rest,Quiet / Rest,True,0.9186,99.8
512,10:17:37,Quiet / Rest,Quiet / Rest,Quiet / Rest,True,0.8538,99.8
513,10:19:18,Quiet / Rest,Quiet / Rest,Quiet / Rest,True,0.8933,99.8
514,10:31:24,Quiet / Rest,Quiet / Rest,Quiet / Rest,True,0.9154,99.8
515,11:26:55,Quiet / Rest,Quiet / Rest,Quiet / Rest,True,0.9255,99.8
516,12:22:44,Quiet / Rest,Quiet / Rest,Quiet / Rest,True,0.8799,99.8
517,12:26:03,Quiet / Rest,Quiet / Rest,Quiet / Rest,True,0.8245,99.8
518,12:27:49,Quiet / Rest,Quiet / Rest,Quiet / Rest,True,0.8842,99.8
519,12:28:55,Wake / Active,Wake / Active,Wake / Active,True,0.8771,99.8
520,12:30:21,Wake / Active,Wake / Active,Wake / Active,True,0.8744,99.8
521,12:31:56,Wake / Active,Wake / Active,Wake / Active,True,0.8843,99.8
522,12:33:36,Wake / Active,Wake / Active,Wake / Active,True,0.8635,99.81
523,12:35:17,Wake / Active,Wake / Active,Wake / Active,True,0.8681,99.81
524,12:36:43,Wake / Active,Wake / Active,Wake / Active,True,0.8753,99.81
525,12:37:55,Wake / Active,Wake / Active,Wake / Active,True,0.8748,99.81
526,12:39:05,Quiet / Rest,Quiet / Rest,Quiet / Rest,True,0.9096,99.81
527,12:41:57,Wake / Active,Quiet / Rest,Wake / Active,False,0.8847,99.81
528,12:43:50,Wake / Active,Quiet / Rest,Wake / Active,False,0.8996,99.81
529,12:45:13,Wake / Active,Quiet / Rest,Wake / Active,False,0.8787,99.81
530,12:46:42,Possible Sleep,Possible Sleep,Possible Sleep,True,0.8767,99.81
531,12:48:14,Wake / Active,Wake / Active,Wake / Active,True,0.8595,99.81
532,12:49:53,Wake / Active,Quiet / Rest,Wake / Active,False,0.8982,99.81
533,12:52:03,Quiet / Rest,Quiet / Rest,Quiet / Rest,True,0.8268,99.81
534,12:55:44,Quiet / Rest,Possible Sleep,Quiet / Rest,False,0.7456,99.81
535,12:58:40,Possible Sleep,Possible Sleep,Possible Sleep,True,0.9105,99.81
536,13:03:42,Possible Sleep,Possible Sleep,Possible Sleep,True,0.8845,99.81
537,13:43:00,Possible Sleep,Possible Sleep,Possible Sleep,True,0.8569,99.81
538,14:46:19,Possible Sleep,Possible Sleep,Possible Sleep,True,0.8843,99.81
539,14:50:10,Quiet / Rest,Possible Sleep,Possible Sleep,False,0.8481,99.62
540,14:52:12,Wake / Active,Wake / Active,Wake / Active,True,0.8543,99.62
541,14:54:49,Wake / Active,Wake / Active,Wake / Active,True,0.8581,99.62
542,14:56:19,Wake / Active,Wake / Active,Wake / Active,True,0.8553,99.62
543,14:57:34,Wake / Active,Wake / Active,Wake / Active,True,0.8702,99.63
544,14:58:53,Wake / Active,Wake / Active,Wake / Active,True,0.8587,99.63
545,15:00:23,Wake / Active,Quiet / Rest,Wake / Active,False,0.8565,99.63
546,15:01:42,Wake / Active,Quiet / Rest,Wake / Active,False,0.8847,99.63
547,15:02:50,Quiet / Rest,Quiet / Rest,Quiet / Rest,True,0.9115,99.63
548,15:03:55,Quiet / Rest,Quiet / Rest,Quiet / Rest,True,0.9088,99.63
549,15:05:17,Quiet / Rest,Quiet / Rest,Quiet / Rest,True,0.8741,99.63
550,15:06:32,Wake / Active,Quiet / Rest,Wake / Active,False,0.8685,99.63
551,15:07:54,Wake / Active,Wake / Active,Wake / Active,True,0.8653,99.63
552,15:09:21,Quiet / Rest,Quiet / Rest,Quiet / Rest,True,0.8722,99.63
553,15:12:03,Wake / Active,Quiet / Rest,Wake / Active,False,0.8834,99.63
554,15:14:23,Quiet / Rest,Quiet / Rest,Quiet / Rest,True,0.8705,99.63
555,15:16:05,Wake / Active,Wake / Active,Wake / Active,True,0.8814,99.63
556,15:17:35,Wake / Active,Wake / Active,Wake / Active,True,0.8602,99.63
557,15:19:25,Wake / Active,Wake / Active,Wake / Active,True,0.8686,99.64
558,15:20:31,Wake / Active,Wake / Active,Wake / Active,True,0.8821,99.64
559,15:21:46,Wake / Active,Wake / Active,Wake / Active,True,0.8831,99.64
560,15:23:20,Wake / Active,Wake / Active,Wake / Active,True,0.8799,99.64
561,15:24:28,Wake / Active,Wake / Active,Wake / Active,True,0.8646,99.64
562,15:25:46,Wake / Active,Wake / Active,Wake / Active,True,0.8913,99.64
563,15:26:53,Quiet / Rest,Quiet / Rest,Quiet / Rest,True,0.9065,99.64
564,15:28:08,Quiet / Rest,Wake / Active,Wake / Active,False,0.8203,99.46
565,15:29:14,Wake / Active,Wake / Active,Wake / Active,True,0.8685,99.46
566,15:30:25,Wake / Active,Wake / Active,Wake / Active,True,0.8953,99.46
567,15:31:38,Wake / Active,Wake / Active,Wake / Active,True,0.8702,99.46
568,15:32:54,Wake / Active,Wake / Active,Wake / Active,True,0.8907,99.46
569,15:34:24,Wake / Active,Wake / Active,Wake / Active,True,0.8593,99.46
570,15:36:04,Quiet / Rest,Quiet / Rest,Quiet / Rest,True,0.806,99.47
571,15:37:14,Possible Sleep,Possible Sleep,Possible Sleep,True,0.9055,99.47
572,15:38:54,Quiet / Rest,Quiet / Rest,Quiet / Rest,True,0.8355,99.47
573,15:40:09,Wake / Active,Wake / Active,Wake / Active,True,0.866,99.47
574,15:41:31,Wake / Active,Quiet / Rest,Wake / Active,False,0.8773,99.47
575,15:43:03,Wake / Active,Wake / Active,Wake / Active,True,0.8601,99.47
576,15:44:16,Wake / Active,Wake / Active,Wake / Active,True,0.8668,99.47
577,15:46:14,Wake / Active,Wake / Active,Wake / Active,True,0.8707,99.47
578,15:47:24,Wake / Active,Wake / Active,Wake / Active,True,0.8892,99.47
579,15:48:40,Wake / Active,Wake / Active,Wake / Active,True,0.8859,99.47
580,15:50:07,Wake / Active,Wake / Active,Wake / Active,True,0.8859,99.47
581,15:51:33,Wake / Active,Wake / Active,Wake / Active,True,0.8835,99.48
582,15:53:21,Wake / Active,Wake / Active,Wake / Active,True,0.852,99.48
583,15:55:03,Wake / Active,Wake / Active,Wake / Active,True,0.8905,99.48
584,15:56:12,Quiet / Rest,Quiet / Rest,Quiet / Rest,True,0.8784,99.48
585,15:57:49,Quiet / Rest,Quiet / Rest,Quiet / Rest,True,0.8603,99.48
586,15:59:09,Quiet / Rest,Quiet / Rest,Quiet / Rest,True,0.8938,99.48
587,16:00:28,Quiet / Rest,Quiet / Rest,Quiet / Rest,True,0.8431,99.48
588,16:01:57,Quiet / Rest,Quiet / Rest,Quiet / Rest,True,0.8258,99.48
589,16:03:14,Quiet / Rest,Possible Sleep,Quiet / Rest,False,0.826,99.48
590,16:04:25,Quiet / Rest,Quiet / Rest,Quiet / Rest,True,0.9177,99.48
591,16:05:31,Quiet / Rest,Quiet / Rest,Quiet / Rest,True,0.8662,99.48
592,16:06:35,Quiet / Rest,Quiet / Rest,Quiet / Rest,True,0.8463,99.49
593,16:07:46,Quiet / Rest,Quiet / Rest,Quiet / Rest,True,0.8599,99.49
594,16:09:11,Quiet / Rest,Quiet / Rest,Quiet / Rest,True,0.8986,99.49
595,16:10:28,Quiet / Rest,Quiet / Rest,Quiet / Rest,True,0.904,99.49
596,16:12:48,Quiet / Rest,Quiet / Rest,Quiet / Rest,True,0.8859,99.49
597,16:55:47,Quiet / Rest,Quiet / Rest,Quiet / Rest,True,0.8947,99.49
598,17:10:51,Wake / Active,Wake / Active,Wake / Active,True,0.8823,99.49
599,17:12:48,Quiet / Rest,Quiet / Rest,Quiet / Rest,True,0.7877,99.49
600,17:15:29,Possible Sleep,Possible Sleep,Possible Sleep,True,0.9079,99.49
601,17:17:42,Possible Sleep,Possible Sleep,Possible Sleep,True,0.9287,99.49
602,17:21:18,Quiet / Rest,Quiet / Rest,Quiet / Rest,True,0.8613,99.49
603,17:59:07,Quiet / Rest,Quiet / Rest,Quiet / Rest,True,0.7951,99.49
604,18:02:46,Quiet / Rest,Quiet / Rest,Quiet / Rest,True,0.8759,99.5
605,18:04:39,Quiet / Rest,Quiet / Rest,Quiet / Rest,True,0.8559,99.5
606,18:07:11,Wake / Active,Wake / Active,Wake / Active,True,0.8472,99.5
607,18:08:38,Wake / Active,Wake / Active,Wake / Active,True,0.8392,99.5
608,18:09:42,Wake / Active,Wake / Active,Wake / Active,True,0.8379,99.5
609,18:11:13,Wake / Active,Quiet / Rest,Wake / Active,False,0.899,99.5
610,18:12:43,Wake / Active,Wake / Active,Wake / Active,True,0.8748,99.5
611,18:14:37,Wake / Active,Wake / Active,Wake / Active,True,0.8597,99.5
612,18:17:12,Wake / Active,Quiet / Rest,Wake / Active,False,0.8601,99.5
613,18:18:35,Quiet / Rest,Quiet / Rest,Quiet / Rest,True,0.8738,99.5
614,18:20:01,Quiet / Rest,Quiet / Rest,Quiet / Rest,True,0.8269,99.5
615,18:21:23,Quiet / Rest,Wake / Active,Quiet / Rest,False,0.8369,99.5
616,18:22:55,Quiet / Rest,Quiet / Rest,Quiet / Rest,True,0.9012,99.51
617,18:24:41,Wake / Active,Quiet / Rest,Wake / Active,False,0.8824,99.51
618,18:26:27,Wake / Active,Wake / Active,Wake / Active,True,0.8734,99.51
619,18:28:02,Wake / Active,Wake / Active,Wake / Active,True,0.899,99.51
620,18:29:28,Wake / Active,Wake / Active,Wake / Active,True,0.9,99.51
621,18:31:19,Wake / Active,Wake / Active,Wake / Active,True,0.8493,99.51
622,18:32:47,Wake / Active,Wake / Active,Wake / Active,True,0.8756,99.51
623,18:33:56,Wake / Active,Wake / Active,Wake / Active,True,0.8741,99.51
624,18:35:11,Quiet / Rest,Quiet / Rest,Quiet / Rest,True,0.9033,99.51
625,18:36:48,Quiet / Rest,Wake / Active,Quiet / Rest,False,0.8154,99.51
626,18:38:15,Wake / Active,Wake / Active,Wake / Active,True,0.8361,99.51
627,18:39:51,Wake / Active,Wake / Active,Wake / Active,True,0.8542,99.51
628,18:40:57,Wake / Active,Wake / Active,Wake / Active,True,0.8687,99.52
629,18:42:05,Wake / Active,Wake / Active,Wake / Active,True,0.8812,99.52
630,18:43:45,Wake / Active,Wake / Active,Wake / Active,True,0.8874,99.52
631,18:44:58,Quiet / Rest,Quiet / Rest,Quiet / Rest,True,0.8818,99.52
632,18:46:59,Wake / Active,Wake / Active,Wake / Active,True,0.8553,99.52
633,18:48:06,Wake / Active,Wake / Active,Wake / Active,True,0.8449,99.52
634,18:49:55,Wake / Active,Wake / Active,Wake / Active,True,0.8666,99.52
635,18:51:14,Wake / Active,Wake / Active,Wake / Active,True,0.8444,99.52
636,18:52:34,Quiet / Rest,Wake / Active,Quiet / Rest,False,0.8414,99.52
637,18:54:11,Wake / Active,Wake / Active,Wake / Active,True,0.8551,99.52
638,18:55:21,Quiet / Rest,Possible Sleep,Quiet / Rest,False,0.7491,99.52
639,18:57:00,Possible Sleep,Possible Sleep,Possible Sleep,True,0.869,99.52
640,18:59:06,Wake / Active,Wake / Active,Wake / Active,True,0.8266,99.52
641,19:00:19,Wake / Active,Quiet / Rest,Wake / Active,False,0.8956,99.53
642,19:01:25,Quiet / Rest,Quiet / Rest,Quiet / Rest,True,0.8709,99.53
643,19:03:10,Quiet / Rest,Quiet / Rest,Quiet / Rest,True,0.8219,99.53
644,19:05:46,Wake / Active,Wake / Active,Wake / Active,True,0.8695,99.53
645,19:07:26,Wake / Active,Quiet / Rest,Wake / Active,False,0.9034,99.53
646,19:08:46,Wake / Active,Wake / Active,Wake / Active,True,0.876,99.53
647,19:10:06,Wake / Active,Wake / Active,Wake / Active,True,0.886,99.53
648,19:11:25,Wake / Active,Wake / Active,Wake / Active,True,0.8851,99.53
649,19:12:38,Wake / Active,Wake / Active,Wake / Active,True,0.8789,99.53
650,19:13:47,Wake / Active,Wake / Active,Wake / Active,True,0.8706,99.53
651,19:15:33,Wake / Active,Wake / Active,Wake / Active,True,0.8503,99.53
652,19:16:59,Wake / Active,Wake / Active,Wake / Active,True,0.8363,99.53
653,19:18:13,Wake / Active,Wake / Active,Wake / Active,True,0.8378,99.53
654,19:20:07,Wake / Active,Wake / Active,Wake / Active,True,0.823,99.53
655,19:21:21,Quiet / Rest,Quiet / Rest,Quiet / Rest,True,0.891,99.54
656,19:22:40,Quiet / Rest,Quiet / Rest,Quiet / Rest,True,0.8905,99.54
657,19:24:54,Quiet / Rest,Quiet / Rest,Quiet / Rest,True,0.8889,99.54
658,19:26:32,Quiet / Rest,Quiet / Rest,Quiet / Rest,True,0.892,99.54
659,19:29:47,Quiet / Rest,Quiet / Rest,Quiet / Rest,True,0.9123,99.54
660,19:32:04,Quiet / Rest,Quiet / Rest,Quiet / Rest,True,0.8722,99.54
661,19:33:51,Quiet / Rest,Quiet / Rest,Quiet / Rest,True,0.8954,99.54
662,19:36:13,Quiet / Rest,Quiet / Rest,Quiet / Rest,True,0.9246,99.54
663,19:38:08,Quiet / Rest,Quiet / Rest,Quiet / Rest,True,0.915,99.54
664,20:22:27,Quiet / Rest,Quiet / Rest,Quiet / Rest,True,0.9436,99.54
665,20:36:04,Quiet / Rest,Wake / Active,Quiet / Rest,False,0.8238,99.54
666,20:38:38,Quiet / Rest,Quiet / Rest,Quiet / Rest,True,0.8745,99.54
667,20:40:28,Quiet / Rest,Quiet / Rest,Quiet / Rest,True,0.8838,99.54
668,20:42:19,Quiet / Rest,Quiet / Rest,Quiet / Rest,True,0.8822,99.54
669,20:44:37,Quiet / Rest,Quiet / Rest,Quiet / Rest,True,0.9143,99.55
670,20:46:32,Quiet / Rest,Quiet / Rest,Quiet / Rest,True,0.886,99.55
671,20:48:08,Wake / Active,Wake / Active,Wake / Active,True,0.8523,99.55
672,20:50:18,Wake / Active,Quiet / Rest,Wake / Active,False,0.9084,99.55
673,20:51:31,Wake / Active,Quiet / Rest,Wake / Active,False,0.8792,99.55
674,20:53:01,Wake / Active,Wake / Active,Wake / Active,True,0.8663,99.55
675,20:54:15,Wake / Active,Wake / Active,Wake / Active,True,0.8889,99.55
676,20:55:41,Wake / Active,Quiet / Rest,Wake / Active,False,0.876,99.55
677,20:56:49,Quiet / Rest,Quiet / Rest,Quiet / Rest,True,0.9176,99.55
678,20:58:04,Quiet / Rest,Quiet / Rest,Quiet / Rest,True,0.8239,99.55
679,21:00:17,Wake / Active,Wake / Active,Wake / Active,True,0.8797,99.55
680,21:02:07,Wake / Active,Wake / Active,Wake / Active,True,0.8066,99.55
681,21:03:28,Quiet / Rest,Quiet / Rest,Quiet / Rest,True,0.9138,99.55
682,21:04:44,Quiet / Rest,Quiet / Rest,Quiet / Rest,True,0.8894,99.55
683,21:06:22,Wake / Active,Wake / Active,Wake / Active,True,0.889,99.55
684,21:08:14,Quiet / Rest,Quiet / Rest,Quiet / Rest,True,0.8835,99.56
685,21:10:15,Quiet / Rest,Quiet / Rest,Quiet / Rest,True,0.9015,99.56
686,21:12:43,Quiet / Rest,Quiet / Rest,Quiet / Rest,True,0.8663,99.56
687,21:18:29,Wake / Active,Wake / Active,Wake / Active,True,0.8545,99.56
688,21:20:36,Quiet / Rest,Quiet / Rest,Quiet / Rest,True,0.8898,99.56
689,21:21:41,Quiet / Rest,Quiet / Rest,Quiet / Rest,True,0.9172,99.56
690,21:22:50,Quiet / Rest,Quiet / Rest,Quiet / Rest,True,0.8952,99.56
691,21:23:57,Quiet / Rest,Quiet / Rest,Quiet / Rest,True,0.9095,99.56
692,21:25:03,Quiet / Rest,Quiet / Rest,Quiet / Rest,True,0.862,99.56
693,21:26:38,Quiet / Rest,Quiet / Rest,Quiet / Rest,True,0.8831,99.56
694,21:28:14,Wake / Active,Wake / Active,Wake / Active,True,0.87,99.56
695,21:29:53,Wake / Active,Wake / Active,Wake / Active,True,0.8457,99.56
696,21:31:06,Wake / Active,Wake / Active,Wake / Active,True,0.8273,99.56
697,21:32:13,Wake / Active,Wake / Active,Wake / Active,True,0.8744,99.56
698,21:33:42,Wake / Active,Wake / Active,Wake / Active,True,0.8612,99.56
699,21:35:16,Wake / Active,Quiet / Rest,Wake / Active,False,0.8907,99.57
700,21:36:37,Quiet / Rest,Quiet / Rest,Quiet / Rest,True,0.897,99.57
701,21:37:51,Wake / Active,Wake / Active,Wake / Active,True,0.8934,99.57
702,21:39:34,Wake / Active,Wake / Active,Wake / Active,True,0.8904,99.57
703,21:40:55,Wake / Active,Wake / Active,Wake / Active,True,0.8712,99.57
704,21:42:15,Wake / Active,Wake / Active,Wake / Active,True,0.8759,99.57
705,21:43:45,Quiet / Rest,Quiet / Rest,Quiet / Rest,True,0.8533,99.57
706,21:45:03,Wake / Active,Wake / Active,Wake / Active,True,0.8574,99.57
707,21:46:24,Quiet / Rest,Quiet / Rest,Quiet / Rest,True,0.9091,99.57
708,21:47:58,Wake / Active,Wake / Active,Wake / Active,True,0.8477,99.57
709,21:49:53,Wake / Active,Wake / Active,Wake / Active,True,0.8836,99.57
710,21:51:13,Wake / Active,Wake / Active,Wake / Active,True,0.8751,99.57
711,21:52:35,Wake / Active,Wake / Active,Wake / Active,True,0.8519,99.57
712,21:54:03,Wake / Active,Wake / Active,Wake / Active,True,0.8604,99.57
713,21:55:27,Quiet / Rest,Quiet / Rest,Quiet / Rest,True,0.859,99.57
714,21:56:52,Wake / Active,Wake / Active,Wake / Active,True,0.8473,99.57
715,21:57:56,Wake / Active,Wake / Active,Wake / Active,True,0.8489,99.58
716,21:59:00,Wake / Active,Quiet / Rest,Wake / Active,False,0.8749,99.58
717,22:00:10,Wake / Active,Quiet / Rest,Wake / Active,False,0.894,99.58
718,22:01:34,Wake / Active,Quiet / Rest,Wake / Active,False,0.8914,99.58
719,22:03:20,Wake / Active,Quiet / Rest,Wake / Active,False,0.9013,99.58
720,22:04:45,Quiet / Rest,Quiet / Rest,Quiet / Rest,True,0.8943,99.58
721,22:05:57,Quiet / Rest,Quiet / Rest,Quiet / Rest,True,0.8958,99.58
722,22:07:15,Quiet / Rest,Quiet / Rest,Quiet / Rest,True,0.9221,99.58
723,22:08:20,Quiet / Rest,Quiet / Rest,Quiet / Rest,True,0.9221,99.58
724,22:09:37,Quiet / Rest,Quiet / Rest,Quiet / Rest,True,0.8747,99.58
725,22:11:18,Quiet / Rest,Quiet / Rest,Quiet / Rest,True,0.8504,99.58
726,22:13:58,Quiet / Rest,Possible Sleep,Quiet / Rest,False,0.7794,99.58
727,22:15:59,Quiet / Rest,Possible Sleep,Quiet / Rest,False,0.7408,99.58
728,22:19:23,Quiet / Rest,Quiet / Rest,Quiet / Rest,True,0.8448,99.58
729,22:21:12,Quiet / Rest,Quiet / Rest,Quiet / Rest,True,0.8129,99.58
730,22:22:43,Quiet / Rest,Quiet / Rest,Quiet / Rest,True,0.8385,99.58
731,22:24:57,Wake / Active,Wake / Active,Wake / Active,True,0.8368,99.58
732,22:26:33,Wake / Active,Wake / Active,Wake / Active,True,0.8811,99.59
733,22:27:57,Wake / Active,Quiet / Rest,Wake / Active,False,0.8846,99.59
734,22:29:40,Quiet / Rest,Quiet / Rest,Quiet / Rest,True,0.9124,99.59
735,22:30:47,Wake / Active,Wake / Active,Wake / Active,True,0.8874,99.59
736,22:32:11,Wake / Active,Quiet / Rest,Wake / Active,False,0.8688,99.59
737,22:34:14,Wake / Active,Wake / Active,Wake / Active,True,0.8739,99.59
738,22:35:21,Quiet / Rest,Quiet / Rest,Quiet / Rest,True,0.8783,99.59
739,22:36:28,Quiet / Rest,Quiet / Rest,Quiet / Rest,True,0.8723,99.59
740,22:37:46,Quiet / Rest,Quiet / Rest,Quiet / Rest,True,0.8995,99.59
741,22:38:57,Wake / Active,Wake / Active,Wake / Active,True,0.8825,99.59
742,22:40:08,Quiet / Rest,Quiet / Rest,Quiet / Rest,True,0.8569,99.59
743,22:41:27,Quiet / Rest,Quiet / Rest,Quiet / Rest,True,0.8978,99.59
744,22:42:55,Wake / Active,Wake / Active,Wake / Active,True,0.8417,99.59
745,22:44:02,Wake / Active,Wake / Active,Wake / Active,True,0.8844,99.59
746,22:45:31,Quiet / Rest,Quiet / Rest,Quiet / Rest,True,0.8255,99.59
747,22:46:46,Wake / Active,Wake / Active,Wake / Active,True,0.8849,99.59
748,22:47:59,Wake / Active,Wake / Active,Wake / Active,True,0.878,99.59
749,22:49:38,Wake / Active,Wake / Active,Wake / Active,True,0.865,99.59
750,22:50:59,Wake / Active,Wake / Active,Wake / Active,True,0.8372,99.6
751,22:52:39,Wake / Active,Wake / Active,Wake / Active,True,0.8829,99.6
752,22:54:05,Quiet / Rest,Quiet / Rest,Quiet / Rest,True,0.9036,99.6
753,22:55:54,Quiet / Rest,Quiet / Rest,Quiet / Rest,True,0.9167,99.6
754,22:57:06,Quiet / Rest,Quiet / Rest,Quiet / Rest,True,0.8881,99.6
755,22:58:21,Quiet / Rest,Quiet / Rest,Quiet / Rest,True,0.9112,99.6
756,22:59:59,Quiet / Rest,Quiet / Rest,Quiet / Rest,True,0.8946,99.6
757,23:01:10,Wake / Active,Wake / Active,Wake / Active,True,0.8668,99.6
758,23:02:48,Wake / Active,Wake / Active,Wake / Active,True,0.8702,99.6
759,23:03:57,Wake / Active,Wake / Active,Wake / Active,True,0.8916,99.6
760,23:05:14,Quiet / Rest,Quiet / Rest,Quiet / Rest,True,0.9225,99.6
761,23:06:38,Quiet / Rest,Quiet / Rest,Quiet / Rest,True,0.8492,99.6
762,23:07:58,Wake / Active,Quiet / Rest,Wake / Active,False,0.8741,99.6
763,23:12:09,Wake / Active,Wake / Active,Wake / Active,True,0.8645,99.6
764,23:13:23,Quiet / Rest,Quiet / Rest,Quiet / Rest,True,0.9222,99.6
765,23:14:25,Quiet / Rest,Quiet / Rest,Quiet / Rest,True,0.9106,99.6
766,23:15:28,Quiet / Rest,Quiet / Rest,Quiet / Rest,True,0.8726,99.6
767,23:16:39,Wake / Active,Wake / Active,Wake / Active,True,0.8594,99.6
768,23:17:54,Wake / Active,Quiet / Rest,Wake / Active,False,0.8835,99.6
769,23:20:41,Wake / Active,Quiet / Rest,Wake / Active,False,0.8844,99.61
770,23:21:45,Quiet / Rest,Quiet / Rest,Quiet / Rest,True,0.9208,99.61
771,23:23:03,Quiet / Rest,Quiet / Rest,Quiet / Rest,True,0.8583,99.61
772,23:24:21,Wake / Active,Quiet / Rest,Wake / Active,False,0.8711,99.61
773,23:25:32,Quiet / Rest,Quiet / Rest,Quiet / Rest,True,0.8906,99.61
774,23:26:52,Wake / Active,Wake / Active,Wake / Active,True,0.8749,99.61
775,23:27:58,Wake / Active,Wake / Active,Wake / Active,True,0.8578,99.61
776,23:29:04,Wake / Active,Wake / Active,Wake / Active,True,0.8857,99.61
777,23:30:19,Quiet / Rest,Quiet / Rest,Quiet / Rest,True,0.842,99.61
778,23:31:37,Quiet / Rest,Quiet / Rest,Quiet / Rest,True,0.9126,99.61
779,23:32:43,Quiet / Rest,Quiet / Rest,Quiet / Rest,True,0.9132,99.61
780,23:33:55,Quiet / Rest,Quiet / Rest,Quiet / Rest,True,0.8726,99.61
781,23:35:19,Wake / Active,Quiet / Rest,Wake / Active,False,0.8973,99.61
782,23:36:40,Quiet / Rest,Quiet / Rest,Quiet / Rest,True,0.8535,99.61
783,23:38:28,Quiet / Rest,Quiet / Rest,Quiet / Rest,True,0.8455,99.61
784,23:39:41,Quiet / Rest,Quiet / Rest,Quiet / Rest,True,0.8712,99.61
785,23:42:41,Quiet / Rest,Quiet / Rest,Quiet / Rest,True,0.8098,99.61
786,23:44:47,Wake / Active,Quiet / Rest,Wake / Active,False,0.859,99.61
787,23:46:13,Wake / Active,Wake / Active,Wake / Active,True,0.8585,99.61
788,23:47:38,Wake / Active,Wake / Active,Wake / Active,True,0.8723,99.61
789,23:48:51,Wake / Active,Wake / Active,Wake / Active,True,0.8447,99.62
790,23:50:07,Wake / Active,Wake / Active,Wake / Active,True,0.8244,99.62
791,23:51:09,Wake / Active,Wake / Active,Wake / Active,True,0.8491,99.62
792,23:52:38,Wake / Active,Wake / Active,Wake / Active,True,0.8445,99.62
793,23:53:49,Wake / Active,Wake / Active,Wake / Active,True,0.858,99.62
794,23:55:11,Quiet / Rest,Quiet / Rest,Quiet / Rest,True,0.8981,99.62
795,23:56:35,Wake / Active,Wake / Active,Wake / Active,True,0.8345,99.62
796,23:57:42,Wake / Active,Wake / Active,Wake / Active,True,0.8805,99.62
797,23:59:30,Wake / Active,Wake / Active,Wake / Active,True,0.8518,99.62
798,00:00:36,Wake / Active,Wake / Active,Wake / Active,True,0.8676,99.62
799,00:02:48,Wake / Active,Wake / Active,Wake / Active,True,0.8732,99.62
800,00:04:32,Wake / Active,Wake / Active,Wake / Active,True,0.8462,99.62
801,00:05:42,Wake / Active,Wake / Active,Wake / Active,True,0.8452,99.62
802,00:07:05,Quiet / Rest,Quiet / Rest,Quiet / Rest,True,0.8838,99.62
803,00:08:19,Wake / Active,Wake / Active,Wake / Active,True,0.859,99.62
804,00:09:27,Quiet / Rest,Quiet / Rest,Quiet / Rest,True,0.8942,99.62
805,00:10:45,Wake / Active,Quiet / Rest,Wake / Active,False,0.8576,99.62
806,00:12:53,Quiet / Rest,Quiet / Rest,Quiet / Rest,True,0.874,99.62
807,00:14:01,Possible Sleep,Possible Sleep,Possible Sleep,True,0.8301,99.62
808,00:15:17,Quiet / Rest,Possible Sleep,Quiet / Rest,False,0.8637,99.62
809,00:16:21,Quiet / Rest,Quiet / Rest,Quiet / Rest,True,0.9041,99.62
810,00:17:54,Quiet / Rest,Quiet / Rest,Quiet / Rest,True,0.9197,99.63
811,00:19:00,Quiet / Rest,Quiet / Rest,Quiet / Rest,True,0.8717,99.63
812,00:20:07,Quiet / Rest,Quiet / Rest,Quiet / Rest,True,0.823,99.63
813,00:21:29,Quiet / Rest,Quiet / Rest,Quiet / Rest,True,0.9007,99.63
814,00:22:54,Possible Sleep,Possible Sleep,Possible Sleep,True,0.8706,99.63
815,00:23:57,Quiet / Rest,Quiet / Rest,Quiet / Rest,True,0.8546,99.63
816,00:25:24,Wake / Active,Wake / Active,Wake / Active,True,0.8196,99.63
817,00:27:11,Wake / Active,Wake / Active,Wake / Active,True,0.8736,99.63
818,00:28:44,Wake / Active,Wake / Active,Wake / Active,True,0.8809,99.63
819,00:29:56,Quiet / Rest,Quiet / Rest,Quiet / Rest,True,0.8163,99.63
820,00:32:16,Wake / Active,Wake / Active,Wake / Active,True,0.8691,99.63
821,00:34:05,Wake / Active,Wake / Active,Wake / Active,True,0.8646,99.63
822,00:35:25,Wake / Active,Wake / Active,Wake / Active,True,0.8708,99.63
823,00:36:46,Wake / Active,Wake / Active,Wake / Active,True,0.8537,99.63
824,00:38:02,Wake / Active,Wake / Active,Wake / Active,True,0.8421,99.63
825,00:39:29,Wake / Active,Wake / Active,Wake / Active,True,0.8647,99.63
826,00:40:42,Wake / Active,Wake / Active,Wake / Active,True,0.8651,99.63
827,00:42:31,Wake / Active,Wake / Active,Wake / Active,True,0.8821,99.63
828,00:44:08,Quiet / Rest,Quiet / Rest,Quiet / Rest,True,0.9036,99.63
829,00:46:45,Wake / Active,Wake / Active,Wake / Active,True,0.8979,99.63
830,00:48:01,Quiet / Rest,Quiet / Rest,Quiet / Rest,True,0.8587,99.63
831,00:49:52,Wake / Active,Quiet / Rest,Wake / Active,False,0.9016,99.64
832,00:51:00,Quiet / Rest,Quiet / Rest,Quiet / Rest,True,0.9036,99.64
833,00:52:18,Wake / Active,Quiet / Rest,Wake / Active,False,0.8963,99.64
834,00:53:24,Quiet / Rest,Quiet / Rest,Quiet / Rest,True,0.8684,99.64
835,00:54:50,Wake / Active,Wake / Active,Wake / Active,True,0.8854,99.64
836,00:56:32,Quiet / Rest,Quiet / Rest,Quiet / Rest,True,0.9121,99.64
837,00:58:05,Quiet / Rest,Quiet / Rest,Quiet / Rest,True,0.9042,99.64
838,01:00:04,Wake / Active,Wake / Active,Wake / Active,True,0.8741,99.64
839,01:01:39,Wake / Active,Wake / Active,Wake / Active,True,0.8761,99.64
840,01:03:19,Wake / Active,Wake / Active,Wake / Active,True,0.8744,99.64
841,01:05:49,Wake / Active,Wake / Active,Wake / Active,True,0.8629,99.64
842,01:07:07,Wake / Active,Wake / Active,Wake / Active,True,0.8741,99.64
843,01:08:31,Quiet / Rest,Quiet / Rest,Quiet / Rest,True,0.8897,99.64
844,01:10:40,Possible Sleep,Possible Sleep,Possible Sleep,True,0.8675,99.64
845,01:12:03,Wake / Active,Wake / Active,Wake / Active,True,0.8882,99.64
846,01:13:12,Wake / Active,Quiet / Rest,Wake / Active,False,0.8786,99.64
847,01:14:17,Wake / Active,Wake / Active,Wake / Active,True,0.8372,99.64
848,01:15:19,Wake / Active,Wake / Active,Wake / Active,True,0.8613,99.64
849,01:16:21,Wake / Active,Wake / Active,Wake / Active,True,0.8882,99.64
850,01:17:30,Quiet / Rest,Quiet / Rest,Quiet / Rest,True,0.8957,99.64
851,01:18:42,Wake / Active,Quiet / Rest,Wake / Active,False,0.8697,99.64
852,01:19:45,Quiet / Rest,Quiet / Rest,Quiet / Rest,True,0.9089,99.64
853,01:21:11,Wake / Active,Wake / Active,Wake / Active,True,0.8701,99.64
854,01:22:37,Quiet / Rest,Quiet / Rest,Quiet / Rest,True,0.859,99.64
855,01:24:05,Quiet / Rest,Quiet / Rest,Quiet / Rest,True,0.8313,99.65
856,01:25:31,Quiet / Rest,Quiet / Rest,Quiet / Rest,True,0.85,99.65
857,01:27:07,Quiet / Rest,Quiet / Rest,Quiet / Rest,True,0.8192,99.65
858,01:28:43,Quiet / Rest,Quiet / Rest,Quiet / Rest,True,0.8168,99.65
859,01:30:13,Quiet / Rest,Quiet / Rest,Quiet / Rest,True,0.8564,99.65
860,01:32:03,Wake / Active,Wake / Active,Wake / Active,True,0.8845,99.65
861,01:33:29,Possible Sleep,Quiet / Rest,Possible Sleep,False,0.8493,99.65
862,01:35:36,Possible Sleep,Possible Sleep,Possible Sleep,True,0.9912,99.65
863,01:37:29,Possible Sleep,Possible Sleep,Possible Sleep,True,0.9937,99.65
864,01:39:54,Wake / Active,Quiet / Rest,Wake / Active,False,0.882,99.65
865,01:40:57,Wake / Active,Quiet / Rest,Wake / Active,False,0.8657,99.65
866,01:41:59,Wake / Active,Wake / Active,Wake / Active,True,0.8879,99.65
867,01:43:05,Wake / Active,Wake / Active,Wake / Active,True,0.8561,99.65
868,01:44:26,Wake / Active,Wake / Active,Wake / Active,True,0.8613,99.65
869,01:46:46,Quiet / Rest,Quiet / Rest,Quiet / Rest,True,0.9089,99.65
870,01:48:01,Wake / Active,Wake / Active,Wake / Active,True,0.8784,99.65
871,01:49:19,Wake / Active,Wake / Active,Wake / Active,True,0.8685,99.65
872,01:50:34,Wake / Active,Wake / Active,Wake / Active,True,0.8382,99.65
873,01:51:41,Wake / Active,Wake / Active,Wake / Active,True,0.8485,99.65
874,01:52:45,Wake / Active,Quiet / Rest,Wake / Active,False,0.9059,99.65
875,01:56:18,Wake / Active,Wake / Active,Wake / Active,True,0.8902,99.65
876,01:58:03,Wake / Active,Wake / Active,Wake / Active,True,0.8935,99.65
877,01:59:43,Wake / Active,Wake / Active,Wake / Active,True,0.878,99.65
878,02:01:02,Wake / Active,Wake / Active,Wake / Active,True,0.8885,99.65
879,02:02:32,Quiet / Rest,Quiet / Rest,Quiet / Rest,True,0.9105,99.66
880,02:04:14,Wake / Active,Wake / Active,Wake / Active,True,0.8636,99.66
881,02:05:32,Wake / Active,Quiet / Rest,Wake / Active,False,0.9095,99.66
882,02:07:08,Wake / Active,Wake / Active,Wake / Active,True,0.9095,99.66
883,02:08:30,Wake / Active,Wake / Active,Wake / Active,True,0.875,99.66
884,02:10:09,Wake / Active,Quiet / Rest,Wake / Active,False,0.891,99.66
885,02:12:14,Wake / Active,Quiet / Rest,Wake / Active,False,0.8994,99.66
886,02:13:38,Wake / Active,Wake / Active,Wake / Active,True,0.8642,99.66
887,02:14:56,Quiet / Rest,Quiet / Rest,Quiet / Rest,True,0.9115,99.66
888,02:16:28,Possible Sleep,Possible Sleep,Possible Sleep,True,0.8368,99.66
889,02:20:01,Quiet / Rest,Quiet / Rest,Quiet / Rest,True,0.9205,99.66
890,02:22:49,Quiet / Rest,Quiet / Rest,Quiet / Rest,True,0.8347,99.66
891,02:25:40,Quiet / Rest,Quiet / Rest,Quiet / Rest,True,0.9007,99.66
892,02:55:14,Quiet / Rest,Quiet / Rest,Quiet / Rest,True,0.9289,99.66
893,03:48:02,Quiet / Rest,Quiet / Rest,Quiet / Rest,True,0.894,99.66
894,04:02:23,Quiet / Rest,Quiet / Rest,Quiet / Rest,True,0.8902,99.66
895,04:04:21,Quiet / Rest,Quiet / Rest,Quiet / Rest,True,0.9283,99.66
896,04:06:11,Quiet / Rest,Quiet / Rest,Quiet / Rest,True,0.8828,99.66
897,04:07:58,Wake / Active,Wake / Active,Wake / Active,True,0.9019,99.66
898,04:09:23,Wake / Active,Wake / Active,Wake / Active,True,0.872,99.66
899,04:11:34,Wake / Active,Wake / Active,Wake / Active,True,0.876,99.66
900,04:12:58,Quiet / Rest,Quiet / Rest,Quiet / Rest,True,0.8526,99.66
901,04:15:09,Wake / Active,Quiet / Rest,Wake / Active,False,0.8415,99.66
902,04:16:16,Wake / Active,Quiet / Rest,Wake / Active,False,0.8839,99.66
903,04:18:59,Wake / Active,Wake / Active,Wake / Active,True,0.8528,99.66
904,04:20:06,Wake / Active,Wake / Active,Wake / Active,True,0.8499,99.66
905,04:21:34,Wake / Active,Wake / Active,Wake / Active,True,0.866,99.67
906,04:23:06,Quiet / Rest,Quiet / Rest,Quiet / Rest,True,0.8644,99.67
907,04:25:08,Wake / Active,Quiet / Rest,Wake / Active,False,0.8864,99.67
908,04:26:34,Wake / Active,Wake / Active,Wake / Active,True,0.8638,99.67
909,04:28:20,Wake / Active,Wake / Active,Wake / Active,True,0.8554,99.67
910,04:29:23,Wake / Active,Wake / Active,Wake / Active,True,0.8785,99.67
911,04:30:39,Wake / Active,Quiet / Rest,Wake / Active,False,0.8774,99.67
912,04:32:00,Wake / Active,Wake / Active,Wake / Active,True,0.859,99.67
913,04:33:24,Wake / Active,Wake / Active,Wake / Active,True,0.8566,99.67
914,04:34:26,Wake / Active,Wake / Active,Wake / Active,True,0.874,99.67
915,04:36:46,Wake / Active,Wake / Active,Wake / Active,True,0.8837,99.67
916,04:38:03,Wake / Active,Wake / Active,Wake / Active,True,0.8895,99.67
917,04:39:31,Wake / Active,Wake / Active,Wake / Active,True,0.8851,99.67
918,04:40:46,Wake / Active,Wake / Active,Wake / Active,True,0.8562,99.67
919,04:41:51,Wake / Active,Wake / Active,Wake / Active,True,0.877,99.67
920,04:42:57,Quiet / Rest,Quiet / Rest,Quiet / Rest,True,0.8934,99.67
921,04:44:01,Quiet / Rest,Quiet / Rest,Quiet / Rest,True,0.9293,99.67
922,04:45:04,Wake / Active,Wake / Active,Wake / Active,True,0.8367,99.67
923,04:46:53,Wake / Active,Quiet / Rest,Wake / Active,False,0.8302,99.67
924,04:48:05,Wake / Active,Wake / Active,Wake / Active,True,0.8393,99.67
925,04:49:06,Wake / Active,Wake / Active,Wake / Active,True,0.8583,99.67
926,04:50:20,Wake / Active,Quiet / Rest,Wake / Active,False,0.8952,99.67
927,04:51:52,Wake / Active,Wake / Active,Wake / Active,True,0.8678,99.67
928,04:52:54,Wake / Active,Wake / Active,Wake / Active,True,0.8709,99.67
929,04:54:00,Quiet / Rest,Quiet / Rest,Quiet / Rest,True,0.8961,99.67
930,04:55:11,Quiet / Rest,Quiet / Rest,Quiet / Rest,True,0.929,99.67
931,04:56:17,Quiet / Rest,Quiet / Rest,Quiet / Rest,True,0.9275,99.67
932,04:57:35,Quiet / Rest,Quiet / Rest,Quiet / Rest,True,0.9128,99.67
933,04:59:31,Quiet / Rest,Quiet / Rest,Quiet / Rest,True,0.9197,99.68
934,05:01:02,Quiet / Rest,Quiet / Rest,Quiet / Rest,True,0.827,99.68
935,05:02:19,Wake / Active,Wake / Active,Wake / Active,True,0.8674,99.68
936,05:03:39,Wake / Active,Wake / Active,Wake / Active,True,0.8451,99.68
937,05:04:40,Wake / Active,Wake / Active,Wake / Active,True,0.8821,99.68
938,05:05:47,Quiet / Rest,Quiet / Rest,Quiet / Rest,True,0.8993,99.68
939,05:07:47,Quiet / Rest,Quiet / Rest,Quiet / Rest,True,0.8333,99.68
940,05:09:59,Wake / Active,Wake / Active,Wake / Active,True,0.8839,99.68
941,05:12:00,Wake / Active,Wake / Active,Wake / Active,True,0.8937,99.68
942,05:13:49,Wake / Active,Wake / Active,Wake / Active,True,0.8879,99.68
943,05:15:34,Wake / Active,Quiet / Rest,Wake / Active,False,0.8694,99.68
944,05:16:40,Quiet / Rest,Quiet / Rest,Quiet / Rest,True,0.8998,99.68
945,05:17:49,Quiet / Rest,Quiet / Rest,Quiet / Rest,True,0.9062,99.68
946,05:18:51,Quiet / Rest,Quiet / Rest,Quiet / Rest,True,0.8848,99.68
947,05:20:00,Wake / Active,Wake / Active,Wake / Active,True,0.88,99.68
948,05:21:33,Wake / Active,Wake / Active,Wake / Active,True,0.8471,99.68
949,05:23:09,Wake / Active,Wake / Active,Wake / Active,True,0.904,99.68
950,05:25:17,Wake / Active,Wake / Active,Wake / Active,True,0.9009,99.68
951,05:26:36,Wake / Active,Quiet / Rest,Wake / Active,False,0.9046,99.68
952,05:27:42,Quiet / Rest,Quiet / Rest,Quiet / Rest,True,0.8951,99.68
953,05:29:53,Quiet / Rest,Possible Sleep,Quiet / Rest,False,0.7858,99.68
954,05:31:05,Quiet / Rest,Quiet / Rest,Quiet / Rest,True,0.9016,99.68
955,05:33:23,Wake / Active,Wake / Active,Wake / Active,True,0.8233,99.68
956,05:34:45,Wake / Active,Wake / Active,Wake / Active,True,0.8655,99.68
957,05:35:59,Wake / Active,Wake / Active,Wake / Active,True,0.9048,99.68
958,05:39:14,Quiet / Rest,Quiet / Rest,Quiet / Rest,True,0.906,99.68
959,05:40:54,Quiet / Rest,Quiet / Rest,Quiet / Rest,True,0.8928,99.68
960,05:42:09,Quiet / Rest,Quiet / Rest,Quiet / Rest,True,0.8524,99.68
961,05:44:02,Quiet / Rest,Quiet / Rest,Quiet / Rest,True,0.8016,99.68
962,05:46:29,Possible Sleep,Possible Sleep,Possible Sleep,True,0.859,99.69
963,05:49:03,Quiet / Rest,Quiet / Rest,Quiet / Rest,True,0.885,99.69
964,05:50:56,Quiet / Rest,Quiet / Rest,Quiet / Rest,True,0.8924,99.69
965,05:53:24,Quiet / Rest,Quiet / Rest,Quiet / Rest,True,0.8803,99.69
966,05:55:03,Quiet / Rest,Quiet / Rest,Quiet / Rest,True,0.9265,99.69
967,05:56:33,Wake / Active,Quiet / Rest,Wake / Active,False,0.9109,99.69
968,05:57:40,Quiet / Rest,Quiet / Rest,Quiet / Rest,True,0.9196,99.69
969,05:58:54,Wake / Active,Wake / Active,Wake / Active,True,0.9054,99.69
970,06:01:38,Wake / Active,Wake / Active,Wake / Active,True,0.9009,99.69
971,06:05:58,Quiet / Rest,Possible Sleep,Quiet / Rest,False,0.7827,99.69
972,06:11:22,Possible Sleep,Possible Sleep,Possible Sleep,True,0.984,99.69
973,06:21:28,Quiet / Rest,Possible Sleep,Quiet / Rest,False,0.7453,99.69
974,07:43:30,Possible Sleep,Possible Sleep,Possible Sleep,True,0.8781,99.69
975,07:45:50,Possible Sleep,Possible Sleep,Possible Sleep,True,0.8679,99.69
976,07:48:02,Quiet / Rest,Quiet / Rest,Quiet / Rest,True,0.8356,99.69
977,07:49:39,Wake / Active,Wake / Active,Wake / Active,True,0.8466,99.69
978,07:51:14,Wake / Active,Wake / Active,Wake / Active,True,0.8801,99.69
979,07:53:16,Quiet / Rest,Quiet / Rest,Quiet / Rest,True,0.8844,99.69
980,07:55:04,Wake / Active,Wake / Active,Wake / Active,True,0.8509,99.69
981,07:56:09,Wake / Active,Wake / Active,Wake / Active,True,0.8634,99.69
982,07:58:01,Wake / Active,Quiet / Rest,Wake / Active,False,0.8931,99.69
983,07:59:09,Wake / Active,Quiet / Rest,Wake / Active,False,0.8836,99.69
984,08:00:29,Wake / Active,Quiet / Rest,Wake / Active,False,0.8925,99.69
985,08:02:31,Wake / Active,Wake / Active,Wake / Active,True,0.8712,99.69
986,08:04:18,Wake / Active,Wake / Active,Wake / Active,True,0.8727,99.69
987,08:05:33,Wake / Active,Quiet / Rest,Wake / Active,False,0.8825,99.69
988,08:06:59,Quiet / Rest,Quiet / Rest,Quiet / Rest,True,0.8988,99.69
989,08:08:03,Wake / Active,Quiet / Rest,Wake / Active,False,0.8999,99.69
990,08:09:11,Quiet / Rest,Quiet / Rest,Quiet / Rest,True,0.8425,99.69
991,08:11:38,Quiet / Rest,Quiet / Rest,Quiet / Rest,True,0.9382,99.69
992,08:12:48,Wake / Active,Wake / Active,Wake / Active,True,0.8765,99.69
993,08:14:35,Wake / Active,Wake / Active,Wake / Active,True,0.8357,99.7
994,08:15:40,Wake / Active,Wake / Active,Wake / Active,True,0.8811,99.7
995,08:17:50,Wake / Active,Wake / Active,Wake / Active,True,0.8885,99.7
996,08:21:34,Wake / Active,Quiet / Rest,Wake / Active,False,0.9021,99.7
997,08:23:03,Quiet / Rest,Quiet / Rest,Quiet / Rest,True,0.9093,99.7
998,08:27:55,Quiet / Rest,Quiet / Rest,Quiet / Rest,True,0.7914,99.7
999,08:34:33,Possible Sleep,Possible Sleep,Quiet / Rest,True,0.7883,99.6
1000,09:52:01,Possible Sleep,Possible Sleep,Possible Sleep,True,0.853,99.6
1001,10:53:38,Quiet / Rest,Quiet / Rest,Quiet / Rest,True,0.854,99.6
1002,10:56:01,Wake / Active,Wake / Active,Wake / Active,True,0.8737,99.6
1003,10:58:47,Possible Sleep,Possible Sleep,Possible Sleep,True,0.885,99.6
1004,11:00:24,Quiet / Rest,Quiet / Rest,Quiet / Rest,True,0.803,99.6
1005,12:22:54,Possible Sleep,Possible Sleep,Possible Sleep,True,0.8215,99.6
1006,12:46:11,Quiet / Rest,Possible Sleep,Quiet / Rest,False,0.8517,99.6
1007,12:48:04,Quiet / Rest,Possible Sleep,Quiet / Rest,False,0.8063,99.6
1008,12:50:08,Wake / Active,Wake / Active,Wake / Active,True,0.8089,99.6
1009,12:51:27,Wake / Active,Quiet / Rest,Wake / Active,False,0.8782,99.6
1010,12:53:36,Quiet / Rest,Quiet / Rest,Quiet / Rest,True,0.8021,99.6
1011,12:56:06,Quiet / Rest,Possible Sleep,Quiet / Rest,False,0.8763,99.6
1012,13:58:00,Possible Sleep,Possible Sleep,Possible Sleep,True,0.8201,99.6
