window,timestamp_clock,rf_label,sgd_label,agreement,confidence,cumulative_agreement_pct
0,15:17:31,Wake / Active,Wake / Active,True,0.0,0.0
1,15:18:33,Wake / Active,Wake / Active,True,1.0,0.0
2,15:19:34,Wake / Active,Wake / Active,True,1.0,0.0
3,15:20:35,Wake / Active,Wake / Active,True,,0.0
4,15:21:37,Wake / Active,Wake / Active,True,,0.0
5,15:22:43,Wake / Active,Wake / Active,True,,0.0
6,15:23:46,Quiet / Rest,Wake / Active,False,0.9078,0.0
7,15:25:16,Wake / Active,Wake / Active,True,,0.0
8,15:26:24,Wake / Active,Quiet / Rest,False,0.6656,0.0
9,15:27:40,Wake / Active,Wake / Active,True,0.9589,0.0
10,15:28:44,Wake / Active,Wake / Active,True,,100.0
11,15:29:57,Quiet / Rest,Wake / Active,False,,50.0
12,15:31:15,Quiet / Rest,Quiet / Rest,True,,66.67
13,15:32:35,Quiet / Rest,Quiet / Rest,True,,75.0
14,15:33:59,Wake / Active,Wake / Active,True,0.6889,80.0
15,15:35:17,Quiet / Rest,Wake / Active,False,,66.67
16,15:36:24,Quiet / Rest,Wake / Active,False,,57.14
17,15:37:52,Wake / Active,Wake / Active,True,,62.5
18,15:39:33,Wake / Active,Wake / Active,True,,66.67
19,15:40:41,Wake / Active,Wake / Active,True,,70.0
20,15:41:51,Quiet / Rest,Wake / Active,False,,63.64
21,15:43:03,Quiet / Rest,Wake / Active,False,0.9322,58.33
22,15:44:07,Wake / Active,Quiet / Rest,False,,53.85
23,15:45:16,Quiet / Rest,Quiet / Rest,True,,57.14
24,15:47:14,Wake / Active,Wake / Active,True,0.82,60.0
25,15:48:28,Wake / Active,Quiet / Rest,False,0.6178,56.25
26,15:49:35,Wake / Active,Wake / Active,True,,58.82
27,15:50:41,Wake / Active,Wake / Active,True,0.7822,61.11
28,15:51:46,Quiet / Rest,Quiet / Rest,True,,63.16
29,15:53:11,Quiet / Rest,Quiet / Rest,True,,65.0
30,15:54:27,Wake / Active,Wake / Active,True,,66.67
31,15:55:50,Wake / Active,Wake / Active,True,,68.18
32,15:57:09,Quiet / Rest,Quiet / Rest,True,,69.57
33,15:58:52,Quiet / Rest,Quiet / Rest,True,,70.83
34,16:00:13,Quiet / Rest,Wake / Active,False,0.8744,68.0
35,16:01:31,Wake / Active,Wake / Active,True,0.9656,69.23
36,16:02:47,Wake / Active,Wake / Active,True,,70.37
37,16:03:52,Wake / Active,Wake / Active,True,0.9489,71.43
38,16:04:53,Wake / Active,Wake / Active,True,,72.41
39,16:06:02,Wake / Active,Quiet / Rest,False,0.9022,70.0
40,16:07:31,Wake / Active,Wake / Active,True,,70.97
41,16:08:44,Wake / Active,Wake / Active,True,,71.88
42,16:09:50,Quiet / Rest,Wake / Active,False,,69.7
43,16:11:29,Wake / Active,Wake / Active,True,,70.59
44,16:12:37,Wake / Active,Wake / Active,True,,71.43
45,16:13:45,Wake / Active,Wake / Active,True,,72.22
46,16:15:12,Wake / Active,Wake / Active,True,,72.97
47,16:17:11,Wake / Active,Wake / Active,True,,73.68
48,16:18:24,Wake / Active,Wake / Active,True,,74.36
49,16:19:36,Wake / Active,Quiet / Rest,False,,72.5
50,16:21:24,Quiet / Rest,Quiet / Rest,True,,73.17
51,16:22:59,Quiet / Rest,Wake / Active,False,,71.43
52,16:24:14,Wake / Active,Wake / Active,True,0.8722,72.09
53,16:25:25,Possible Sleep,Quiet / Rest,False,,70.45
54,16:27:55,Wake / Active,Possible Sleep,False,0.6478,68.89
55,16:29:39,Wake / Active,Wake / Active,True,,69.57
56,16:30:46,Wake / Active,Wake / Active,True,,70.21
57,16:33:01,Quiet / Rest,Wake / Active,False,,68.75
58,16:34:37,Wake / Active,Wake / Active,True,,69.39
59,16:35:50,Quiet / Rest,Wake / Active,False,,68.0
60,16:37:21,Quiet / Rest,Quiet / Rest,True,,68.63
61,16:38:57,Quiet / Rest,Quiet / Rest,True,,69.23
62,16:40:21,Wake / Active,Wake / Active,True,,69.81
63,16:41:34,Quiet / Rest,Quiet / Rest,True,,70.37
64,16:43:09,Wake / Active,Wake / Active,True,,70.91
65,16:44:17,Wake / Active,Wake / Active,True,,71.43
66,16:45:29,Wake / Active,Wake / Active,True,,71.93
67,16:46:50,Quiet / Rest,Wake / Active,False,,70.69
68,16:47:51,Wake / Active,Quiet / Rest,False,0.6689,69.49
69,16:48:56,Wake / Active,Wake / Active,True,,70.0
70,16:50:00,Wake / Active,Wake / Active,True,0.6856,70.49
71,16:51:08,Possible Sleep,Quiet / Rest,False,,69.35
72,16:52:47,Quiet / Rest,Wake / Active,False,,68.25
73,16:54:22,Quiet / Rest,Quiet / Rest,True,,68.75
74,16:56:03,Wake / Active,Wake / Active,True,,69.23
75,16:57:08,Wake / Active,Quiet / Rest,False,,68.18
76,16:58:17,Wake / Active,Quiet / Rest,False,,67.16
77,16:59:24,Wake / Active,Wake / Active,True,,67.65
78,17:00:30,Wake / Active,Wake / Active,True,,68.12
79,17:01:45,Quiet / Rest,Wake / Active,False,,67.14
80,17:03:21,Wake / Active,Quiet / Rest,False,,66.2
81,17:04:41,Possible Sleep,Possible Sleep,True,,66.67
82,17:06:35,Wake / Active,Wake / Active,True,,67.12
83,17:08:45,Wake / Active,Wake / Active,True,,67.57
84,17:09:55,Wake / Active,Wake / Active,True,,68.0
85,17:11:52,Wake / Active,Wake / Active,True,,68.42
86,17:13:00,Quiet / Rest,Wake / Active,False,,67.53
87,17:14:19,Quiet / Rest,Quiet / Rest,True,,67.95
88,17:15:42,Quiet / Rest,Quiet / Rest,True,,68.35
89,17:17:30,Quiet / Rest,Quiet / Rest,True,,68.75
90,17:19:26,Quiet / Rest,Quiet / Rest,True,,69.14
91,17:20:54,Quiet / Rest,Quiet / Rest,True,0.7289,69.51
92,17:22:13,Wake / Active,Wake / Active,True,,69.88
93,17:23:30,Wake / Active,Quiet / Rest,False,,69.05
94,17:24:47,Wake / Active,Wake / Active,True,,69.41
95,17:25:49,Wake / Active,Quiet / Rest,False,,68.6
96,17:27:00,Wake / Active,Wake / Active,True,,68.97
97,17:28:29,Wake / Active,Wake / Active,True,,69.32
98,17:29:38,Wake / Active,Wake / Active,True,,69.66
99,17:30:45,Quiet / Rest,Wake / Active,False,,68.89
100,17:32:02,Wake / Active,Wake / Active,True,,69.23
101,17:33:16,Quiet / Rest,Quiet / Rest,True,0.8722,69.57
102,17:34:53,Wake / Active,Wake / Active,True,0.9878,69.89
103,17:36:06,Wake / Active,Wake / Active,True,,70.21
104,17:37:15,Wake / Active,Wake / Active,True,0.5856,70.53
105,17:38:17,Wake / Active,Wake / Active,True,,70.83
106,17:39:37,Wake / Active,Quiet / Rest,False,0.9288,70.1
107,17:40:51,Quiet / Rest,Wake / Active,False,0.9744,69.39
108,17:45:14,Wake / Active,Wake / Active,True,,69.7
109,17:46:46,Quiet / Rest,Wake / Active,False,,69.0
110,17:49:34,Quiet / Rest,Quiet / Rest,True,,69.31
111,17:51:03,Wake / Active,Wake / Active,True,,69.61
112,17:52:25,Quiet / Rest,Quiet / Rest,True,,69.9
113,17:53:43,Wake / Active,Quiet / Rest,False,0.5533,69.23
114,17:54:51,Wake / Active,Wake / Active,True,,69.52
115,17:56:12,Wake / Active,Wake / Active,True,,69.81
116,17:57:20,Wake / Active,Wake / Active,True,,70.09
117,17:58:31,Wake / Active,Wake / Active,True,,70.37
118,17:59:45,Quiet / Rest,Wake / Active,False,,69.72
119,18:01:25,Wake / Active,Wake / Active,True,,70.0
120,18:02:50,Wake / Active,Wake / Active,True,,70.27
121,18:04:29,Quiet / Rest,Wake / Active,False,,69.64
122,18:05:45,Wake / Active,Wake / Active,True,,69.91
123,18:07:05,Wake / Active,Wake / Active,True,,70.18
124,18:08:37,Wake / Active,Wake / Active,True,,70.43
125,18:10:23,Wake / Active,Wake / Active,True,,70.69
126,18:11:35,Wake / Active,Wake / Active,True,,70.94
127,18:12:42,Wake / Active,Wake / Active,True,,71.19
128,18:14:13,Quiet / Rest,Wake / Active,False,,70.59
129,18:15:31,Quiet / Rest,Wake / Active,False,,70.0
130,18:17:00,Quiet / Rest,Quiet / Rest,True,,70.25
131,18:18:14,Wake / Active,Quiet / Rest,False,,69.67
132,18:19:39,Quiet / Rest,Wake / Active,False,,69.11
133,18:20:48,Wake / Active,Wake / Active,True,,69.35
134,18:22:05,Wake / Active,Wake / Active,True,,69.6
135,18:23:18,Quiet / Rest,Quiet / Rest,True,,69.84
136,18:24:44,Wake / Active,Wake / Active,True,,70.08
137,18:26:18,Wake / Active,Wake / Active,True,0.9911,70.31
138,18:27:45,Wake / Active,Wake / Active,True,,70.54
139,18:29:08,Wake / Active,Wake / Active,True,0.9544,70.77
140,18:30:27,Wake / Active,Wake / Active,True,0.9722,70.99
141,18:32:29,Wake / Active,Wake / Active,True,,71.21
142,18:35:41,Wake / Active,Wake / Active,True,0.6667,71.43
143,18:36:55,Wake / Active,Wake / Active,True,,71.64
144,18:38:11,Quiet / Rest,Quiet / Rest,True,,71.85
145,18:39:29,Quiet / Rest,Quiet / Rest,True,0.9778,72.06
146,18:41:03,Quiet / Rest,Quiet / Rest,True,,72.26
147,18:42:23,Possible Sleep,Quiet / Rest,False,,71.74
148,18:43:56,Quiet / Rest,Possible Sleep,False,,71.22
149,18:45:11,Wake / Active,Quiet / Rest,False,,70.71
150,18:46:32,Wake / Active,Wake / Active,True,,70.92
151,18:48:08,Wake / Active,Wake / Active,True,,71.13
152,18:49:18,Wake / Active,Quiet / Rest,False,,70.63
153,18:50:57,Wake / Active,Quiet / Rest,False,0.6567,70.14
154,18:52:55,Quiet / Rest,Quiet / Rest,True,,70.34
155,18:54:02,Possible Sleep,Possible Sleep,True,,70.55
156,18:56:43,Wake / Active,Possible Sleep,False,,70.07
157,18:57:47,Quiet / Rest,Quiet / Rest,True,0.7711,70.27
158,18:58:54,Quiet / Rest,Quiet / Rest,True,,70.47
159,18:59:59,Quiet / Rest,Quiet / Rest,True,,70.67
160,19:01:04,Wake / Active,Wake / Active,True,,70.86
161,19:02:16,Quiet / Rest,Quiet / Rest,True,0.8067,71.05
162,19:03:17,Wake / Active,Wake / Active,True,,71.24
163,19:04:20,Wake / Active,Quiet / Rest,False,,70.78
164,19:05:29,Quiet / Rest,Quiet / Rest,True,,70.97
165,19:06:34,Quiet / Rest,Quiet / Rest,True,,71.15
166,19:07:47,Quiet / Rest,Quiet / Rest,True,,71.34
167,19:09:28,Possible Sleep,Quiet / Rest,False,,70.89
168,19:12:19,Quiet / Rest,Possible Sleep,False,0.657,70.44
169,19:14:23,Quiet / Rest,Quiet / Rest,True,0.9367,70.62
170,19:15:28,Quiet / Rest,Wake / Active,False,,70.19
171,19:16:34,Wake / Active,Wake / Active,True,,70.37
172,19:17:39,Wake / Active,Wake / Active,True,,70.55
173,19:18:52,Wake / Active,Quiet / Rest,False,,70.12
174,19:20:21,Quiet / Rest,Wake / Active,False,,69.7
175,19:21:24,Quiet / Rest,Wake / Active,False,,69.28
176,19:22:30,Wake / Active,Wake / Active,True,,69.46
177,19:23:35,Wake / Active,Quiet / Rest,False,,69.05
178,19:24:41,Wake / Active,Wake / Active,True,,69.23
179,19:25:59,Wake / Active,Wake / Active,True,,69.41
180,19:27:02,Wake / Active,Wake / Active,True,,69.59
181,19:28:08,Quiet / Rest,Quiet / Rest,True,,69.77
182,19:30:03,Wake / Active,Quiet / Rest,False,,69.36
183,19:31:43,Quiet / Rest,Wake / Active,False,,68.97
184,19:33:26,Wake / Active,Quiet / Rest,False,,68.57
185,19:34:45,Wake / Active,Wake / Active,True,,68.75
186,19:35:51,Wake / Active,Wake / Active,True,,68.93
187,19:37:06,Wake / Active,Wake / Active,True,,69.1
188,19:38:21,Quiet / Rest,Wake / Active,False,,68.72
189,19:39:36,Quiet / Rest,Quiet / Rest,True,,68.89
190,19:41:48,Quiet / Rest,Quiet / Rest,True,,69.06
191,19:43:35,Possible Sleep,Quiet / Rest,False,,68.68
192,19:45:01,Quiet / Rest,Possible Sleep,False,0.93,68.31
193,19:47:07,Wake / Active,Wake / Active,True,,68.48
194,19:48:10,Wake / Active,Wake / Active,True,,68.65
195,19:49:26,Wake / Active,Wake / Active,True,,68.82
196,19:50:34,Wake / Active,Quiet / Rest,False,,68.45
197,19:51:53,Quiet / Rest,Quiet / Rest,True,,68.62
198,19:54:23,Wake / Active,Wake / Active,True,0.5956,68.78
199,19:55:30,Quiet / Rest,Quiet / Rest,True,,68.95
200,19:57:10,Quiet / Rest,Quiet / Rest,True,,69.11
201,20:00:29,Quiet / Rest,Quiet / Rest,True,0.8033,69.27
202,20:02:19,Wake / Active,Wake / Active,True,,69.43
203,20:03:49,Wake / Active,Wake / Active,True,,69.59
204,20:05:20,Wake / Active,Wake / Active,True,,69.74
205,20:06:24,Wake / Active,Wake / Active,True,,69.9
206,20:07:27,Wake / Active,Wake / Active,True,,70.05
207,20:08:37,Quiet / Rest,Quiet / Rest,True,,70.2
208,20:09:53,Wake / Active,Quiet / Rest,False,1.0,69.85
209,20:12:47,Quiet / Rest,Wake / Active,False,,69.5
210,20:14:21,Quiet / Rest,Quiet / Rest,True,,69.65
211,20:16:07,Wake / Active,Wake / Active,True,0.7633,69.8
212,20:17:47,Wake / Active,Wake / Active,True,,69.95
213,20:19:03,Wake / Active,Wake / Active,True,,70.1
214,20:20:49,Wake / Active,Wake / Active,True,,70.24
215,20:23:12,Wake / Active,Quiet / Rest,False,1.0,69.9
216,20:24:16,Wake / Active,Wake / Active,True,1.0,70.05
217,20:25:20,Wake / Active,Wake / Active,True,,70.19
218,20:27:22,Wake / Active,Wake / Active,True,,70.33
219,20:28:38,Quiet / Rest,Quiet / Rest,True,,70.48
220,20:30:10,Quiet / Rest,Quiet / Rest,True,,70.62
221,20:32:06,Wake / Active,Wake / Active,True,,70.75
222,20:33:46,Wake / Active,Wake / Active,True,,70.89
223,20:35:03,Wake / Active,Wake / Active,True,,71.03
224,20:36:27,Wake / Active,Wake / Active,True,,71.16
225,20:37:34,Quiet / Rest,Quiet / Rest,True,,71.3
226,20:39:10,Quiet / Rest,Wake / Active,False,,70.97
227,20:40:25,Wake / Active,Quiet / Rest,False,,70.64
228,20:41:43,Quiet / Rest,Wake / Active,False,,70.32
229,20:43:01,Wake / Active,Wake / Active,True,,70.45
230,20:44:08,Wake / Active,Wake / Active,True,,70.59
231,20:45:41,Quiet / Rest,Quiet / Rest,True,,70.72
232,20:48:06,Wake / Active,Quiet / Rest,False,,70.4
233,20:49:24,Wake / Active,Wake / Active,True,,70.54
234,20:50:35,Quiet / Rest,Wake / Active,False,0.9444,70.22
235,20:52:20,Quiet / Rest,Quiet / Rest,True,,70.35
236,20:53:42,Quiet / Rest,Quiet / Rest,True,,70.48
237,20:55:18,Wake / Active,Quiet / Rest,False,,70.18
238,20:56:41,Wake / Active,Wake / Active,True,0.7845,70.31
239,20:57:52,Wake / Active,Wake / Active,True,,70.43
240,21:00:33,Wake / Active,Quiet / Rest,False,,70.13
241,21:02:30,Wake / Active,Wake / Active,True,0.6333,70.26
242,21:03:38,Quiet / Rest,Wake / Active,False,,69.96
243,21:05:20,Wake / Active,Wake / Active,True,,70.09
244,21:06:43,Wake / Active,Wake / Active,True,,70.21
245,21:07:56,Quiet / Rest,Quiet / Rest,True,,70.34
246,21:09:49,Wake / Active,Wake / Active,True,,70.46
247,21:11:23,Quiet / Rest,Wake / Active,False,,70.17
248,21:13:00,Quiet / Rest,Quiet / Rest,True,0.9922,70.29
249,21:14:23,Quiet / Rest,Quiet / Rest,True,,70.42
250,21:16:19,Quiet / Rest,Quiet / Rest,True,,70.54
251,21:17:56,Quiet / Rest,Quiet / Rest,True,,70.66
252,21:19:38,Quiet / Rest,Quiet / Rest,True,,70.78
253,21:20:47,Wake / Active,Wake / Active,True,0.7711,70.9
254,21:22:02,Wake / Active,Quiet / Rest,False,0.6389,70.61
255,21:23:14,Wake / Active,Wake / Active,True,,70.73
256,21:24:27,Wake / Active,Wake / Active,True,,70.85
257,21:25:36,Wake / Active,Quiet / Rest,False,0.7244,70.56
258,21:26:42,Quiet / Rest,Wake / Active,False,,70.28
259,21:27:46,Quiet / Rest,Quiet / Rest,True,0.9366,70.4
260,21:28:56,Wake / Active,Wake / Active,True,,70.52
261,21:30:00,Wake / Active,Wake / Active,True,,70.63
262,21:31:26,Wake / Active,Wake / Active,True,,70.75
263,21:32:49,Quiet / Rest,Quiet / Rest,True,,70.87
264,21:34:33,Quiet / Rest,Wake / Active,False,,70.59
265,21:35:59,Wake / Active,Wake / Active,True,0.8489,70.7
266,21:37:29,Wake / Active,Wake / Active,True,,70.82
267,21:39:18,Quiet / Rest,Quiet / Rest,True,,70.93
268,21:41:08,Possible Sleep,Quiet / Rest,False,0.9333,70.66
269,21:42:33,Wake / Active,Wake / Active,True,,70.77
270,21:43:58,Wake / Active,Wake / Active,True,,70.88
271,21:45:01,Wake / Active,Wake / Active,True,,70.99
272,21:46:10,Wake / Active,Wake / Active,True,,71.1
273,21:47:26,Wake / Active,Wake / Active,True,,71.21
274,21:48:48,Wake / Active,Wake / Active,True,,71.32
275,21:50:10,Quiet / Rest,Wake / Active,False,,71.05
276,21:52:25,Quiet / Rest,Wake / Active,False,,70.79
277,21:53:35,Wake / Active,Wake / Active,True,,70.9
278,21:54:47,Quiet / Rest,Quiet / Rest,True,,71.0
279,21:56:20,Wake / Active,Wake / Active,True,,71.11
280,21:57:55,Wake / Active,Wake / Active,True,,71.22
281,21:59:10,Wake / Active,Wake / Active,True,,71.32
282,22:00:51,Wake / Active,Quiet / Rest,False,,71.06
283,22:02:04,Wake / Active,Quiet / Rest,False,,70.8
284,22:03:12,Quiet / Rest,Quiet / Rest,True,,70.91
285,22:04:36,Quiet / Rest,Wake / Active,False,,70.65
286,22:05:53,Wake / Active,Quiet / Rest,False,,70.4
287,22:06:59,Quiet / Rest,Quiet / Rest,True,,70.5
288,22:08:22,Quiet / Rest,Quiet / Rest,True,,70.61
289,22:09:47,Wake / Active,Wake / Active,True,,70.71
290,22:10:56,Quiet / Rest,Quiet / Rest,True,,70.82
291,22:12:39,Wake / Active,Wake / Active,True,,70.92
292,22:13:58,Wake / Active,Wake / Active,True,,71.02
293,22:15:13,Wake / Active,Wake / Active,True,,71.13
294,22:16:30,Quiet / Rest,Wake / Active,False,0.9133,70.88
295,22:17:54,Wake / Active,Wake / Active,True,,70.98
296,22:19:59,Wake / Active,Wake / Active,True,,71.08
297,22:21:05,Quiet / Rest,Quiet / Rest,True,,71.18
298,22:22:09,Quiet / Rest,Quiet / Rest,True,,71.28
299,22:23:13,Quiet / Rest,Quiet / Rest,True,0.8878,71.38
300,22:24:23,Quiet / Rest,Quiet / Rest,True,0.8678,71.48
301,22:25:27,Quiet / Rest,Quiet / Rest,True,0.8244,71.58
302,22:26:50,Wake / Active,Wake / Active,True,,71.67
303,22:28:02,Wake / Active,Wake / Active,True,,71.77
304,22:29:07,Quiet / Rest,Quiet / Rest,True,,71.86
305,22:30:15,Wake / Active,Wake / Active,True,,71.96
306,22:31:21,Wake / Active,Wake / Active,True,,72.05
307,22:32:53,Wake / Active,Wake / Active,True,,72.15
308,22:34:05,Quiet / Rest,Quiet / Rest,True,,72.24
309,22:35:35,Quiet / Rest,Quiet / Rest,True,,72.33
310,22:36:40,Wake / Active,Quiet / Rest,False,0.5767,72.09
311,22:37:45,Quiet / Rest,Quiet / Rest,True,0.9222,72.19
312,22:38:56,Quiet / Rest,Wake / Active,False,,71.95
313,22:40:13,Wake / Active,Quiet / Rest,False,,71.71
314,22:41:47,Quiet / Rest,Wake / Active,False,,71.48
315,22:43:33,Wake / Active,Wake / Active,True,,71.57
316,22:44:39,Quiet / Rest,Quiet / Rest,True,,71.66
317,22:45:52,Quiet / Rest,Quiet / Rest,True,,71.75
318,22:47:17,Wake / Active,Wake / Active,True,,71.84
319,22:48:32,Wake / Active,Wake / Active,True,,71.94
320,22:49:47,Possible Sleep,Quiet / Rest,False,,71.7
321,22:51:24,Quiet / Rest,Possible Sleep,False,,71.47
322,22:53:30,Quiet / Rest,Quiet / Rest,True,,71.57
323,22:55:19,Quiet / Rest,Quiet / Rest,True,,71.66
324,22:57:03,Quiet / Rest,Quiet / Rest,True,,71.75
325,22:58:19,Wake / Active,Wake / Active,True,,71.84
326,22:59:44,Wake / Active,Wake / Active,True,,71.92
327,23:00:53,Wake / Active,Wake / Active,True,,72.01
328,23:02:03,Wake / Active,Quiet / Rest,False,,71.79
329,23:04:01,Wake / Active,Wake / Active,True,,71.88
330,23:05:21,Quiet / Rest,Wake / Active,False,,71.65
331,23:06:52,Quiet / Rest,Quiet / Rest,True,,71.74
332,23:08:26,Quiet / Rest,Wake / Active,False,0.9078,71.52
333,23:10:02,Wake / Active,Wake / Active,True,0.8456,71.6
334,23:11:52,Wake / Active,Wake / Active,True,,71.69
335,23:14:46,Wake / Active,Wake / Active,True,,71.78
336,23:17:04,Wake / Active,Quiet / Rest,False,,71.56
337,23:18:33,Wake / Active,Wake / Active,True,,71.65
338,23:20:22,Quiet / Rest,Wake / Active,False,,71.43
339,23:22:02,Wake / Active,Wake / Active,True,,71.52
340,23:23:07,Wake / Active,Wake / Active,True,,71.6
341,23:24:20,Wake / Active,Wake / Active,True,,71.69
342,23:26:09,Quiet / Rest,Quiet / Rest,True,,71.77
343,23:28:15,Wake / Active,Wake / Active,True,,71.86
344,23:29:51,Wake / Active,Wake / Active,True,,71.94
345,23:31:27,Possible Sleep,Quiet / Rest,False,,71.73
346,23:32:36,Quiet / Rest,Quiet / Rest,True,,71.81
347,23:33:57,Wake / Active,Quiet / Rest,False,0.7167,71.6
348,23:35:23,Wake / Active,Wake / Active,True,,71.68
349,23:36:53,Wake / Active,Wake / Active,True,,71.76
350,23:38:06,Quiet / Rest,Wake / Active,False,,71.55
351,23:39:15,Wake / Active,Quiet / Rest,False,1.0,71.35
352,23:40:21,Quiet / Rest,Quiet / Rest,True,,71.43
353,23:42:47,Quiet / Rest,Wake / Active,False,,71.22
354,23:44:07,Quiet / Rest,Quiet / Rest,True,0.8533,71.3
355,23:45:19,Quiet / Rest,Quiet / Rest,True,,71.39
356,23:47:02,Quiet / Rest,Quiet / Rest,True,,71.47
357,23:48:49,Quiet / Rest,Quiet / Rest,True,,71.55
358,23:50:21,Quiet / Rest,Quiet / Rest,True,,71.63
359,23:52:13,Quiet / Rest,Quiet / Rest,True,,71.71
360,23:56:17,Quiet / Rest,Quiet / Rest,True,0.9689,71.79
361,23:58:43,Quiet / Rest,Quiet / Rest,True,,71.88
362,00:00:27,Quiet / Rest,Quiet / Rest,True,,71.95
363,01:04:26,Possible Sleep,Quiet / Rest,False,,71.75
364,01:06:54,Wake / Active,Wake / Active,True,,71.83
365,01:08:12,Wake / Active,Wake / Active,True,,71.91
366,01:09:47,Wake / Active,Wake / Active,True,,71.99
367,01:10:57,Wake / Active,Wake / Active,True,,72.07
368,01:12:10,Wake / Active,Wake / Active,True,,72.14
369,01:14:19,Wake / Active,Wake / Active,True,,72.22
370,01:15:30,Wake / Active,Wake / Active,True,,72.3
371,01:16:41,Quiet / Rest,Wake / Active,False,,72.1
372,01:18:03,Quiet / Rest,Quiet / Rest,True,,72.18
373,01:20:08,Wake / Active,Wake / Active,True,,72.25
374,01:21:13,Wake / Active,Quiet / Rest,False,0.8567,72.05
375,01:23:37,Wake / Active,Wake / Active,True,0.9556,72.13
376,01:24:49,Wake / Active,Wake / Active,True,,72.21
377,01:25:58,Wake / Active,Wake / Active,True,,72.28
378,01:27:13,Wake / Active,Quiet / Rest,False,0.79,72.09
379,01:28:28,Wake / Active,Wake / Active,True,,72.16
380,01:29:52,Wake / Active,Wake / Active,True,0.7422,72.24
381,01:31:02,Wake / Active,Wake / Active,True,,72.31
382,01:32:13,Wake / Active,Wake / Active,True,,72.39
383,01:33:21,Wake / Active,Wake / Active,True,,72.46
384,01:34:30,Wake / Active,Wake / Active,True,,72.53
385,01:35:56,Wake / Active,Wake / Active,True,0.6633,72.61
386,01:37:23,Wake / Active,Wake / Active,True,,72.68
387,01:38:55,Wake / Active,Wake / Active,True,,72.75
388,01:40:07,Wake / Active,Quiet / Rest,False,,72.56
389,01:41:50,Possible Sleep,Quiet / Rest,False,,72.37
390,01:44:20,Wake / Active,Possible Sleep,False,0.5267,72.18
391,01:45:31,Wake / Active,Wake / Active,True,,72.25
392,01:46:47,Wake / Active,Wake / Active,True,,72.32
393,01:48:34,Quiet / Rest,Quiet / Rest,True,,72.4
394,01:50:17,Quiet / Rest,Quiet / Rest,True,,72.47
395,01:51:50,Possible Sleep,Quiet / Rest,False,,72.28
396,01:53:17,Wake / Active,Wake / Active,True,,72.35
397,01:54:36,Wake / Active,Wake / Active,True,,72.42
398,01:56:05,Wake / Active,Wake / Active,True,,72.49
399,01:57:25,Quiet / Rest,Quiet / Rest,True,,72.56
400,01:58:54,Possible Sleep,Quiet / Rest,False,0.9467,72.38
401,02:00:17,Quiet / Rest,Possible Sleep,False,,72.19
402,02:01:29,Wake / Active,Wake / Active,True,0.6367,72.26
403,02:03:22,Wake / Active,Wake / Active,True,,72.34
404,02:04:44,Wake / Active,Wake / Active,True,,72.41
405,02:07:26,Wake / Active,Wake / Active,True,,72.47
406,02:08:47,Quiet / Rest,Quiet / Rest,True,,72.54
407,02:10:01,Wake / Active,Wake / Active,True,,72.61
408,02:11:25,Wake / Active,Wake / Active,True,,72.68
409,02:13:14,Wake / Active,Wake / Active,True,,72.75
410,02:15:09,Wake / Active,Wake / Active,True,,72.82
411,02:16:24,Quiet / Rest,Wake / Active,False,0.8489,72.64
412,02:17:40,Wake / Active,Quiet / Rest,False,,72.46
413,02:20:21,Wake / Active,Wake / Active,True,,72.52
414,02:21:37,Quiet / Rest,Wake / Active,False,,72.35
415,02:22:46,Quiet / Rest,Wake / Active,False,,72.17
416,02:24:19,Quiet / Rest,Quiet / Rest,True,0.8033,72.24
417,02:25:27,Quiet / Rest,Quiet / Rest,True,0.9044,72.3
418,02:27:22,Quiet / Rest,Quiet / Rest,True,,72.37
419,02:29:09,Quiet / Rest,Quiet / Rest,True,,72.44
420,02:31:34,Wake / Active,Wake / Active,True,,72.51
421,02:32:55,Wake / Active,Quiet / Rest,False,,72.33
422,02:34:20,Wake / Active,Wake / Active,True,0.95,72.4
423,02:36:06,Wake / Active,Wake / Active,True,,72.46
424,02:39:42,Wake / Active,Quiet / Rest,False,,72.29
425,02:41:47,Wake / Active,Quiet / Rest,False,,72.12
426,02:44:48,Wake / Active,Wake / Active,True,,72.18
427,02:46:17,Wake / Active,Wake / Active,True,0.8778,72.25
428,02:47:40,Wake / Active,Wake / Active,True,,72.32
429,02:49:18,Wake / Active,Quiet / Rest,False,,72.14
430,02:50:39,Wake / Active,Wake / Active,True,,72.21
431,02:52:27,Quiet / Rest,Quiet / Rest,True,,72.27
432,02:53:50,Wake / Active,Quiet / Rest,False,0.67,72.1
433,02:54:53,Quiet / Rest,Wake / Active,False,,71.93
434,02:57:08,Wake / Active,Wake / Active,True,,72.0
435,02:58:16,Wake / Active,Wake / Active,True,,72.07
436,02:59:25,Wake / Active,Wake / Active,True,,72.13
437,03:00:33,Wake / Active,Wake / Active,True,,72.2
438,03:01:40,Quiet / Rest,Quiet / Rest,True,,72.26
439,03:03:15,Quiet / Rest,Quiet / Rest,True,,72.33
440,03:04:46,Quiet / Rest,Quiet / Rest,True,,72.39
441,03:06:23,Quiet / Rest,Quiet / Rest,True,,72.45
442,03:08:22,Quiet / Rest,Quiet / Rest,True,,72.52
443,03:10:28,Wake / Active,Wake / Active,True,,72.58
444,03:11:50,Quiet / Rest,Quiet / Rest,True,,72.64
445,03:13:11,Quiet / Rest,Quiet / Rest,True,0.9733,72.71
446,03:15:35,Wake / Active,Quiet / Rest,False,,72.54
447,03:17:04,Wake / Active,Wake / Active,True,,72.6
448,03:18:24,Quiet / Rest,Quiet / Rest,True,,72.67
449,03:20:29,Wake / Active,Wake / Active,True,,72.73
450,03:21:40,Wake / Active,Quiet / Rest,False,,72.56
451,03:22:50,Quiet / Rest,Wake / Active,False,,72.4
452,03:24:18,Possible Sleep,Quiet / Rest,False,0.88,72.23
453,03:26:22,Quiet / Rest,Possible Sleep,False,0.8189,72.07
454,03:29:23,Quiet / Rest,Quiet / Rest,True,,72.13
455,03:31:23,Wake / Active,Wake / Active,True,,72.2
456,03:32:32,Possible Sleep,Possible Sleep,True,,72.26
457,03:34:29,Possible Sleep,Possible Sleep,True,,72.32
458,03:36:05,Quiet / Rest,Possible Sleep,False,0.4774,72.16
459,03:57:37,Quiet / Rest,Quiet / Rest,True,0.9412,72.22
460,05:28:04,Quiet / Rest,Quiet / Rest,True,,72.28
461,05:31:09,Wake / Active,Wake / Active,True,,72.35
462,05:32:56,Wake / Active,Wake / Active,True,,72.41
463,05:34:31,Quiet / Rest,Quiet / Rest,True,,72.47
464,05:36:31,Quiet / Rest,Quiet / Rest,True,,72.53
465,05:38:59,Quiet / Rest,Quiet / Rest,True,,72.59
466,05:48:27,Quiet / Rest,Quiet / Rest,True,0.8611,72.65
467,06:59:07,Quiet / Rest,Quiet / Rest,True,,72.71
468,07:01:57,Quiet / Rest,Quiet / Rest,True,,72.77
469,07:03:09,Wake / Active,Wake / Active,True,,72.83
470,07:04:21,Wake / Active,Quiet / Rest,False,,72.67
471,07:08:15,Quiet / Rest,Quiet / Rest,True,,72.73
472,07:46:33,Quiet / Rest,Quiet / Rest,True,,72.79
473,08:57:48,Quiet / Rest,Quiet / Rest,True,,72.84
474,09:12:48,Quiet / Rest,Quiet / Rest,True,,72.9
475,09:14:42,Quiet / Rest,Wake / Active,False,,72.75
476,09:16:24,Wake / Active,Wake / Active,True,,72.81
477,09:18:47,Wake / Active,Wake / Active,True,0.8469,72.86
478,09:20:45,Wake / Active,Wake / Active,True,,72.92
479,09:22:01,Quiet / Rest,Quiet / Rest,True,,72.98
480,09:24:18,Wake / Active,Wake / Active,True,0.64,73.04
481,09:25:29,Wake / Active,Wake / Active,True,,73.09
482,09:26:40,Wake / Active,Wake / Active,True,0.651,73.15
483,09:28:03,Quiet / Rest,Quiet / Rest,True,,73.21
484,09:29:26,Wake / Active,Wake / Active,True,,73.26
485,09:30:53,Wake / Active,Quiet / Rest,False,,73.11
486,09:32:28,Wake / Active,Wake / Active,True,,73.17
487,09:33:34,Quiet / Rest,Quiet / Rest,True,0.7822,73.22
488,09:35:58,Wake / Active,Wake / Active,True,,73.28
489,09:37:26,Wake / Active,Wake / Active,True,,73.33
490,09:40:30,Wake / Active,Wake / Active,True,,73.39
491,09:41:59,Quiet / Rest,Wake / Active,False,,73.24
492,09:43:59,Possible Sleep,Possible Sleep,True,0.4404,73.29
493,09:45:19,Wake / Active,Wake / Active,True,,73.35
494,09:47:28,Wake / Active,Wake / Active,True,,73.4
495,09:48:35,Quiet / Rest,Wake / Active,False,,73.25
496,09:50:55,Quiet / Rest,Quiet / Rest,True,,73.31
497,09:52:57,Wake / Active,Wake / Active,True,,73.36
498,09:55:56,Wake / Active,Wake / Active,True,,73.42
499,09:57:11,Wake / Active,Wake / Active,True,0.7867,73.47
500,09:58:31,Wake / Active,Quiet / Rest,False,,73.32
501,09:59:41,Wake / Active,Wake / Active,True,,73.37
502,10:01:23,Quiet / Rest,Wake / Active,False,,73.23
503,10:02:49,Quiet / Rest,Wake / Active,False,,73.08
504,10:04:45,Wake / Active,Quiet / Rest,False,1.0,72.93
505,10:05:53,Wake / Active,Wake / Active,True,,72.98
506,10:07:11,Quiet / Rest,Quiet / Rest,True,,73.04
507,10:08:32,Quiet / Rest,Quiet / Rest,True,,73.09
508,10:10:38,Quiet / Rest,Quiet / Rest,True,,73.15
509,10:12:13,Quiet / Rest,Quiet / Rest,True,,73.2
510,10:13:35,Quiet / Rest,Quiet / Rest,True,,73.25
511,10:16:00,Quiet / Rest,Quiet / Rest,True,,73.31
512,10:17:37,Quiet / Rest,Quiet / Rest,True,,73.36
513,10:19:18,Quiet / Rest,Quiet / Rest,True,,73.41
514,10:31:24,Quiet / Rest,Quiet / Rest,True,,73.47
515,11:26:55,Quiet / Rest,Quiet / Rest,True,,73.52
516,12:22:44,Quiet / Rest,Quiet / Rest,True,,73.57
517,12:26:03,Quiet / Rest,Quiet / Rest,True,,73.62
518,12:27:49,Quiet / Rest,Quiet / Rest,True,,73.67
519,12:28:55,Wake / Active,Wake / Active,True,,73.73
520,12:30:21,Wake / Active,Wake / Active,True,,73.78
521,12:31:56,Wake / Active,Wake / Active,True,,73.83
522,12:33:36,Wake / Active,Wake / Active,True,,73.88
523,12:35:17,Wake / Active,Wake / Active,True,,73.93
524,12:36:43,Wake / Active,Wake / Active,True,,73.98
525,12:37:55,Wake / Active,Wake / Active,True,,74.03
526,12:39:05,Quiet / Rest,Quiet / Rest,True,,74.08
527,12:41:57,Wake / Active,Wake / Active,True,,74.13
528,12:43:50,Wake / Active,Wake / Active,True,,74.18
529,12:45:13,Wake / Active,Quiet / Rest,False,,74.04
530,12:46:42,Possible Sleep,Quiet / Rest,False,,73.9
531,12:48:14,Wake / Active,Quiet / Rest,False,,73.75
532,12:49:53,Wake / Active,Wake / Active,True,,73.8
533,12:52:03,Quiet / Rest,Quiet / Rest,True,,73.85
534,12:55:44,Quiet / Rest,Quiet / Rest,True,0.9756,73.9
535,12:58:40,Possible Sleep,Possible Sleep,True,0.4993,73.95
536,13:03:42,Possible Sleep,Possible Sleep,True,,74.0
537,13:43:00,Possible Sleep,Possible Sleep,True,0.9633,74.05
538,14:46:19,Possible Sleep,Possible Sleep,True,0.6363,74.1
539,14:50:10,Quiet / Rest,Possible Sleep,False,0.9578,73.96
540,14:52:12,Wake / Active,Wake / Active,True,0.6576,74.01
541,14:54:49,Wake / Active,Wake / Active,True,,74.06
542,14:56:19,Wake / Active,Wake / Active,True,,74.11
543,14:57:34,Wake / Active,Wake / Active,True,,74.16
544,14:58:53,Wake / Active,Wake / Active,True,,74.21
545,15:00:23,Wake / Active,Wake / Active,True,,74.25
546,15:01:42,Wake / Active,Wake / Active,True,,74.3
547,15:02:50,Quiet / Rest,Quiet / Rest,True,,74.35
548,15:03:55,Quiet / Rest,Quiet / Rest,True,,74.4
549,15:05:17,Quiet / Rest,Quiet / Rest,True,0.7611,74.44
550,15:06:32,Wake / Active,Wake / Active,True,,74.49
551,15:07:54,Wake / Active,Wake / Active,True,,74.54
552,15:09:21,Quiet / Rest,Quiet / Rest,True,,74.59
553,15:12:03,Wake / Active,Quiet / Rest,False,0.85,74.45
554,15:14:23,Quiet / Rest,Quiet / Rest,True,,74.5
555,15:16:05,Wake / Active,Wake / Active,True,,74.54
556,15:17:35,Wake / Active,Wake / Active,True,,74.59
557,15:19:25,Wake / Active,Wake / Active,True,,74.64
558,15:20:31,Wake / Active,Wake / Active,True,,74.68
559,15:21:46,Wake / Active,Wake / Active,True,,74.73
560,15:23:20,Wake / Active,Wake / Active,True,,74.77
561,15:24:28,Wake / Active,Quiet / Rest,False,,74.64
562,15:25:46,Wake / Active,Wake / Active,True,0.9478,74.68
563,15:26:53,Quiet / Rest,Quiet / Rest,True,,74.73
564,15:28:08,Quiet / Rest,Wake / Active,False,,74.59
565,15:29:14,Wake / Active,Wake / Active,True,,74.64
566,15:30:25,Wake / Active,Wake / Active,True,0.8578,74.69
567,15:31:38,Wake / Active,Wake / Active,True,,74.73
568,15:32:54,Wake / Active,Quiet / Rest,False,,74.6
569,15:34:24,Wake / Active,Wake / Active,True,,74.64
570,15:36:04,Quiet / Rest,Quiet / Rest,True,,74.69
571,15:37:14,Possible Sleep,Possible Sleep,True,,74.73
572,15:38:54,Quiet / Rest,Quiet / Rest,True,0.8189,74.78
573,15:40:09,Wake / Active,Quiet / Rest,False,0.6189,74.65
574,15:41:31,Wake / Active,Wake / Active,True,,74.69
575,15:43:03,Wake / Active,Wake / Active,True,,74.73
576,15:44:16,Wake / Active,Wake / Active,True,,74.78
577,15:46:14,Wake / Active,Wake / Active,True,,74.82
578,15:47:24,Wake / Active,Wake / Active,True,,74.87
579,15:48:40,Wake / Active,Wake / Active,True,,74.91
580,15:50:07,Wake / Active,Wake / Active,True,,74.96
581,15:51:33,Wake / Active,Quiet / Rest,False,,74.83
582,15:53:21,Wake / Active,Wake / Active,True,,74.87
583,15:55:03,Wake / Active,Wake / Active,True,,74.91
584,15:56:12,Quiet / Rest,Quiet / Rest,True,0.8367,74.96
585,15:57:49,Quiet / Rest,Quiet / Rest,True,,75.0
586,15:59:09,Quiet / Rest,Wake / Active,False,,74.87
587,16:00:28,Quiet / Rest,Quiet / Rest,True,,74.91
588,16:01:57,Quiet / Rest,Possible Sleep,False,0.93,74.78
589,16:03:14,Quiet / Rest,Possible Sleep,False,0.6533,74.66
590,16:04:25,Quiet / Rest,Possible Sleep,False,0.5563,74.53
591,16:05:31,Quiet / Rest,Quiet / Rest,True,,74.57
592,16:06:35,Quiet / Rest,Quiet / Rest,True,,74.61
593,16:07:46,Quiet / Rest,Quiet / Rest,True,,74.66
594,16:09:11,Quiet / Rest,Wake / Active,False,,74.53
595,16:10:28,Quiet / Rest,Quiet / Rest,True,,74.57
596,16:12:48,Quiet / Rest,Quiet / Rest,True,,74.62
597,16:55:47,Quiet / Rest,Quiet / Rest,True,,74.66
598,17:10:51,Wake / Active,Wake / Active,True,0.8211,74.7
599,17:12:48,Quiet / Rest,Quiet / Rest,True,,74.75
600,17:15:29,Possible Sleep,Possible Sleep,True,0.5041,74.79
601,17:17:42,Possible Sleep,Possible Sleep,True,0.9611,74.83
602,17:21:18,Quiet / Rest,Quiet / Rest,True,,74.87
603,17:59:07,Quiet / Rest,Quiet / Rest,True,0.8489,74.92
604,18:02:46,Quiet / Rest,Quiet / Rest,True,,74.96
605,18:04:39,Quiet / Rest,Quiet / Rest,True,0.8011,75.0
606,18:07:11,Wake / Active,Wake / Active,True,,75.04
607,18:08:38,Wake / Active,Wake / Active,True,,75.08
608,18:09:42,Wake / Active,Wake / Active,True,,75.13
609,18:11:13,Wake / Active,Wake / Active,True,,75.17
610,18:12:43,Wake / Active,Wake / Active,True,,75.21
611,18:14:37,Wake / Active,Quiet / Rest,False,0.6889,75.08
612,18:17:12,Wake / Active,Wake / Active,True,,75.12
613,18:18:35,Quiet / Rest,Quiet / Rest,True,,75.17
614,18:20:01,Quiet / Rest,Quiet / Rest,True,,75.21
615,18:21:23,Quiet / Rest,Quiet / Rest,True,0.8789,75.25
616,18:22:55,Quiet / Rest,Wake / Active,False,,75.12
617,18:24:41,Wake / Active,Quiet / Rest,False,0.8078,75.0
618,18:26:27,Wake / Active,Wake / Active,True,,75.04
619,18:28:02,Wake / Active,Wake / Active,True,,75.08
620,18:29:28,Wake / Active,Quiet / Rest,False,0.7489,74.96
621,18:31:19,Wake / Active,Wake / Active,True,,75.0
622,18:32:47,Wake / Active,Wake / Active,True,,75.04
623,18:33:56,Wake / Active,Quiet / Rest,False,,74.92
624,18:35:11,Quiet / Rest,Quiet / Rest,True,,74.96
625,18:36:48,Quiet / Rest,Quiet / Rest,True,0.8489,75.0
626,18:38:15,Wake / Active,Quiet / Rest,False,,74.88
627,18:39:51,Wake / Active,Wake / Active,True,,74.92
628,18:40:57,Wake / Active,Wake / Active,True,,74.96
629,18:42:05,Wake / Active,Wake / Active,True,,75.0
630,18:43:45,Wake / Active,Wake / Active,True,,75.04
631,18:44:58,Quiet / Rest,Quiet / Rest,True,,75.08
632,18:46:59,Wake / Active,Quiet / Rest,False,,74.96
633,18:48:06,Wake / Active,Wake / Active,True,,75.0
634,18:49:55,Wake / Active,Wake / Active,True,,75.04
635,18:51:14,Wake / Active,Wake / Active,True,0.9811,75.08
636,18:52:34,Quiet / Rest,Wake / Active,False,,74.96
637,18:54:11,Wake / Active,Quiet / Rest,False,,74.84
638,18:55:21,Quiet / Rest,Quiet / Rest,True,,74.88
639,18:57:00,Possible Sleep,Quiet / Rest,False,,74.76
640,18:59:06,Wake / Active,Wake / Active,True,,74.8
641,19:00:19,Wake / Active,Wake / Active,True,,74.84
642,19:01:25,Quiet / Rest,Quiet / Rest,True,,74.88
643,19:03:10,Quiet / Rest,Quiet / Rest,True,,74.92
644,19:05:46,Wake / Active,Wake / Active,True,,74.96
645,19:07:26,Wake / Active,Wake / Active,True,,75.0
646,19:08:46,Wake / Active,Wake / Active,True,,75.04
647,19:10:06,Wake / Active,Wake / Active,True,,75.08
648,19:11:25,Wake / Active,Quiet / Rest,False,,74.96
649,19:12:38,Wake / Active,Wake / Active,True,,75.0
650,19:13:47,Wake / Active,Wake / Active,True,,75.04
651,19:15:33,Wake / Active,Wake / Active,True,,75.08
652,19:16:59,Wake / Active,Wake / Active,True,,75.12
653,19:18:13,Wake / Active,Wake / Active,True,,75.16
654,19:20:07,Wake / Active,Wake / Active,True,,75.19
655,19:21:21,Quiet / Rest,Quiet / Rest,True,,75.23
656,19:22:40,Quiet / Rest,Quiet / Rest,True,,75.27
657,19:24:54,Quiet / Rest,Quiet / Rest,True,,75.31
658,19:26:32,Quiet / Rest,Quiet / Rest,True,,75.35
659,19:29:47,Quiet / Rest,Quiet / Rest,True,0.8833,75.38
660,19:32:04,Quiet / Rest,Quiet / Rest,True,,75.42
661,19:33:51,Quiet / Rest,Quiet / Rest,True,,75.46
662,19:36:13,Quiet / Rest,Quiet / Rest,True,,75.5
663,19:38:08,Quiet / Rest,Wake / Active,False,,75.38
664,20:22:27,Quiet / Rest,Quiet / Rest,True,,75.42
665,20:36:04,Quiet / Rest,Quiet / Rest,True,,75.46
666,20:38:38,Quiet / Rest,Quiet / Rest,True,,75.49
667,20:40:28,Quiet / Rest,Possible Sleep,False,0.4926,75.38
668,20:42:19,Quiet / Rest,Possible Sleep,False,,75.27
669,20:44:37,Quiet / Rest,Quiet / Rest,True,0.8522,75.3
670,20:46:32,Quiet / Rest,Wake / Active,False,,75.19
671,20:48:08,Wake / Active,Wake / Active,True,,75.23
672,20:50:18,Wake / Active,Wake / Active,True,,75.26
673,20:51:31,Wake / Active,Quiet / Rest,False,,75.15
674,20:53:01,Wake / Active,Wake / Active,True,,75.19
675,20:54:15,Wake / Active,Wake / Active,True,,75.23
676,20:55:41,Wake / Active,Wake / Active,True,0.6778,75.26
677,20:56:49,Quiet / Rest,Wake / Active,False,,75.15
678,20:58:04,Quiet / Rest,Quiet / Rest,True,,75.19
679,21:00:17,Wake / Active,Quiet / Rest,False,,75.07
680,21:02:07,Wake / Active,Wake / Active,True,,75.11
681,21:03:28,Quiet / Rest,Wake / Active,False,,75.0
682,21:04:44,Quiet / Rest,Quiet / Rest,True,,75.04
683,21:06:22,Wake / Active,Quiet / Rest,False,,74.93
684,21:08:14,Quiet / Rest,Quiet / Rest,True,0.88,74.96
685,21:10:15,Quiet / Rest,Quiet / Rest,True,,75.0
686,21:12:43,Quiet / Rest,Quiet / Rest,True,,75.04
687,21:18:29,Wake / Active,Wake / Active,True,,75.07
688,21:20:36,Quiet / Rest,Wake / Active,False,,74.96
689,21:21:41,Quiet / Rest,Quiet / Rest,True,0.9322,75.0
690,21:22:50,Quiet / Rest,Quiet / Rest,True,,75.04
691,21:23:57,Quiet / Rest,Quiet / Rest,True,,75.07
692,21:25:03,Quiet / Rest,Quiet / Rest,True,,75.11
693,21:26:38,Quiet / Rest,Quiet / Rest,True,,75.15
694,21:28:14,Wake / Active,Quiet / Rest,False,,75.04
695,21:29:53,Wake / Active,Wake / Active,True,,75.07
696,21:31:06,Wake / Active,Wake / Active,True,,75.11
697,21:32:13,Wake / Active,Wake / Active,True,,75.15
698,21:33:42,Wake / Active,Quiet / Rest,False,0.5309,75.04
699,21:35:16,Wake / Active,Wake / Active,True,,75.07
700,21:36:37,Quiet / Rest,Quiet / Rest,True,,75.11
701,21:37:51,Wake / Active,Quiet / Rest,False,0.8167,75.0
702,21:39:34,Wake / Active,Wake / Active,True,0.76,75.04
703,21:40:55,Wake / Active,Wake / Active,True,,75.07
704,21:42:15,Wake / Active,Wake / Active,True,0.8522,75.11
705,21:43:45,Quiet / Rest,Quiet / Rest,True,,75.14
706,21:45:03,Wake / Active,Quiet / Rest,False,,75.04
707,21:46:24,Quiet / Rest,Wake / Active,False,,74.93
708,21:47:58,Wake / Active,Wake / Active,True,,74.96
709,21:49:53,Wake / Active,Wake / Active,True,,75.0
710,21:51:13,Wake / Active,Wake / Active,True,,75.04
711,21:52:35,Wake / Active,Wake / Active,True,,75.07
712,21:54:03,Wake / Active,Wake / Active,True,,75.11
713,21:55:27,Quiet / Rest,Quiet / Rest,True,,75.14
714,21:56:52,Wake / Active,Wake / Active,True,,75.18
715,21:57:56,Wake / Active,Wake / Active,True,,75.21
716,21:59:00,Wake / Active,Wake / Active,True,,75.25
717,22:00:10,Wake / Active,Wake / Active,True,,75.28
718,22:01:34,Wake / Active,Wake / Active,True,,75.32
719,22:03:20,Wake / Active,Wake / Active,True,,75.35
720,22:04:45,Quiet / Rest,Quiet / Rest,True,,75.39
721,22:05:57,Quiet / Rest,Wake / Active,False,,75.28
722,22:07:15,Quiet / Rest,Quiet / Rest,True,,75.32
723,22:08:20,Quiet / Rest,Wake / Active,False,,75.21
724,22:09:37,Quiet / Rest,Quiet / Rest,True,,75.24
725,22:11:18,Quiet / Rest,Quiet / Rest,True,,75.28
726,22:13:58,Quiet / Rest,Quiet / Rest,True,0.9556,75.31
727,22:15:59,Quiet / Rest,Quiet / Rest,True,0.9922,75.35
728,22:19:23,Quiet / Rest,Possible Sleep,False,0.8089,75.24
729,22:21:12,Quiet / Rest,Quiet / Rest,True,,75.28
730,22:22:43,Quiet / Rest,Quiet / Rest,True,,75.31
731,22:24:57,Wake / Active,Wake / Active,True,,75.35
732,22:26:33,Wake / Active,Wake / Active,True,,75.38
733,22:27:57,Wake / Active,Wake / Active,True,,75.41
734,22:29:40,Quiet / Rest,Wake / Active,False,,75.31
735,22:30:47,Wake / Active,Wake / Active,True,,75.34
736,22:32:11,Wake / Active,Quiet / Rest,False,,75.24
737,22:34:14,Wake / Active,Wake / Active,True,,75.27
738,22:35:21,Quiet / Rest,Quiet / Rest,True,,75.31
739,22:36:28,Quiet / Rest,Quiet / Rest,True,0.9544,75.34
740,22:37:46,Quiet / Rest,Quiet / Rest,True,,75.38
741,22:38:57,Wake / Active,Quiet / Rest,False,,75.27
742,22:40:08,Quiet / Rest,Quiet / Rest,True,0.8256,75.31
743,22:41:27,Quiet / Rest,Wake / Active,False,,75.2
744,22:42:55,Wake / Active,Wake / Active,True,,75.24
745,22:44:02,Wake / Active,Wake / Active,True,,75.27
746,22:45:31,Quiet / Rest,Quiet / Rest,True,,75.31
747,22:46:46,Wake / Active,Wake / Active,True,,75.34
748,22:47:59,Wake / Active,Wake / Active,True,,75.37
749,22:49:38,Wake / Active,Wake / Active,True,,75.41
750,22:50:59,Wake / Active,Wake / Active,True,,75.44
751,22:52:39,Wake / Active,Wake / Active,True,,75.47
752,22:54:05,Quiet / Rest,Wake / Active,False,,75.37
753,22:55:54,Quiet / Rest,Wake / Active,False,,75.27
754,22:57:06,Quiet / Rest,Quiet / Rest,True,0.9989,75.3
755,22:58:21,Quiet / Rest,Quiet / Rest,True,,75.34
756,22:59:59,Quiet / Rest,Quiet / Rest,True,,75.37
757,23:01:10,Wake / Active,Wake / Active,True,,75.4
758,23:02:48,Wake / Active,Wake / Active,True,,75.43
759,23:03:57,Wake / Active,Wake / Active,True,,75.47
760,23:05:14,Quiet / Rest,Quiet / Rest,True,,75.5
761,23:06:38,Quiet / Rest,Quiet / Rest,True,,75.53
762,23:07:58,Wake / Active,Wake / Active,True,0.9044,75.56
763,23:12:09,Wake / Active,Wake / Active,True,,75.6
764,23:13:23,Quiet / Rest,Wake / Active,False,,75.5
765,23:14:25,Quiet / Rest,Wake / Active,False,,75.4
766,23:15:28,Quiet / Rest,Quiet / Rest,True,,75.43
767,23:16:39,Wake / Active,Wake / Active,True,,75.46
768,23:17:54,Wake / Active,Wake / Active,True,,75.49
769,23:20:41,Wake / Active,Wake / Active,True,,75.53
770,23:21:45,Quiet / Rest,Quiet / Rest,True,,75.56
771,23:23:03,Quiet / Rest,Quiet / Rest,True,,75.59
772,23:24:21,Wake / Active,Quiet / Rest,False,,75.49
773,23:25:32,Quiet / Rest,Wake / Active,False,,75.39
774,23:26:52,Wake / Active,Wake / Active,True,,75.42
775,23:27:58,Wake / Active,Wake / Active,True,,75.46
776,23:29:04,Wake / Active,Wake / Active,True,,75.49
777,23:30:19,Quiet / Rest,Quiet / Rest,True,,75.52
778,23:31:37,Quiet / Rest,Quiet / Rest,True,,75.55
779,23:32:43,Quiet / Rest,Quiet / Rest,True,,75.58
780,23:33:55,Quiet / Rest,Quiet / Rest,True,,75.62
781,23:35:19,Wake / Active,Quiet / Rest,False,,75.52
782,23:36:40,Quiet / Rest,Quiet / Rest,True,,75.55
783,23:38:28,Quiet / Rest,Quiet / Rest,True,,75.58
784,23:39:41,Quiet / Rest,Quiet / Rest,True,,75.61
785,23:42:41,Quiet / Rest,Quiet / Rest,True,0.9622,75.64
786,23:44:47,Wake / Active,Quiet / Rest,False,,75.55
787,23:46:13,Wake / Active,Wake / Active,True,,75.58
788,23:47:38,Wake / Active,Wake / Active,True,,75.61
789,23:48:51,Wake / Active,Wake / Active,True,,75.64
790,23:50:07,Wake / Active,Quiet / Rest,False,0.9,75.54
791,23:51:09,Wake / Active,Wake / Active,True,,75.58
792,23:52:38,Wake / Active,Wake / Active,True,,75.61
793,23:53:49,Wake / Active,Quiet / Rest,False,,75.51
794,23:55:11,Quiet / Rest,Wake / Active,False,0.96,75.41
795,23:56:35,Wake / Active,Wake / Active,True,,75.45
796,23:57:42,Wake / Active,Wake / Active,True,,75.48
797,23:59:30,Wake / Active,Wake / Active,True,,75.51
798,00:00:36,Wake / Active,Wake / Active,True,,75.54
799,00:02:48,Wake / Active,Wake / Active,True,,75.57
800,00:04:32,Wake / Active,Wake / Active,True,,75.6
801,00:05:42,Wake / Active,Wake / Active,True,,75.63
802,00:07:05,Quiet / Rest,Quiet / Rest,True,,75.66
803,00:08:19,Wake / Active,Wake / Active,True,,75.69
804,00:09:27,Quiet / Rest,Wake / Active,False,,75.6
805,00:10:45,Wake / Active,Wake / Active,True,,75.63
806,00:12:53,Quiet / Rest,Quiet / Rest,True,,75.66
807,00:14:01,Possible Sleep,Quiet / Rest,False,,75.56
808,00:15:17,Quiet / Rest,Possible Sleep,False,0.9644,75.47
809,00:16:21,Quiet / Rest,Quiet / Rest,True,0.8389,75.5
810,00:17:54,Quiet / Rest,Quiet / Rest,True,,75.53
811,00:19:00,Quiet / Rest,Quiet / Rest,True,,75.56
812,00:20:07,Quiet / Rest,Quiet / Rest,True,,75.59
813,00:21:29,Quiet / Rest,Quiet / Rest,True,,75.62
814,00:22:54,Possible Sleep,Quiet / Rest,False,,75.53
815,00:23:57,Quiet / Rest,Possible Sleep,False,0.795,75.43
816,00:25:24,Wake / Active,Wake / Active,True,,75.46
817,00:27:11,Wake / Active,Wake / Active,True,,75.5
818,00:28:44,Wake / Active,Wake / Active,True,,75.53
819,00:29:56,Quiet / Rest,Quiet / Rest,True,,75.56
820,00:32:16,Wake / Active,Wake / Active,True,0.9789,75.59
821,00:34:05,Wake / Active,Wake / Active,True,,75.62
822,00:35:25,Wake / Active,Wake / Active,True,,75.65
823,00:36:46,Wake / Active,Wake / Active,True,,75.68
824,00:38:02,Wake / Active,Wake / Active,True,0.9967,75.71
825,00:39:29,Wake / Active,Wake / Active,True,,75.74
826,00:40:42,Wake / Active,Wake / Active,True,,75.76
827,00:42:31,Wake / Active,Wake / Active,True,,75.79
828,00:44:08,Quiet / Rest,Wake / Active,False,,75.7
829,00:46:45,Wake / Active,Wake / Active,True,,75.73
830,00:48:01,Quiet / Rest,Quiet / Rest,True,,75.76
831,00:49:52,Wake / Active,Wake / Active,True,,75.79
832,00:51:00,Quiet / Rest,Wake / Active,False,,75.7
833,00:52:18,Wake / Active,Wake / Active,True,,75.73
834,00:53:24,Quiet / Rest,Quiet / Rest,True,0.9344,75.76
835,00:54:50,Wake / Active,Wake / Active,True,,75.79
836,00:56:32,Quiet / Rest,Quiet / Rest,True,0.7533,75.82
837,00:58:05,Quiet / Rest,Quiet / Rest,True,,75.85
838,01:00:04,Wake / Active,Quiet / Rest,False,0.6622,75.75
839,01:01:39,Wake / Active,Wake / Active,True,0.9244,75.78
840,01:03:19,Wake / Active,Wake / Active,True,,75.81
841,01:05:49,Wake / Active,Wake / Active,True,,75.84
842,01:07:07,Wake / Active,Wake / Active,True,,75.87
843,01:08:31,Quiet / Rest,Quiet / Rest,True,,75.9
844,01:10:40,Possible Sleep,Quiet / Rest,False,,75.81
845,01:12:03,Wake / Active,Wake / Active,True,,75.84
846,01:13:12,Wake / Active,Wake / Active,True,,75.87
847,01:14:17,Wake / Active,Wake / Active,True,,75.89
848,01:15:19,Wake / Active,Wake / Active,True,,75.92
849,01:16:21,Wake / Active,Wake / Active,True,,75.95
850,01:17:30,Quiet / Rest,Quiet / Rest,True,,75.98
851,01:18:42,Wake / Active,Wake / Active,True,,76.01
852,01:19:45,Quiet / Rest,Quiet / Rest,True,,76.04
853,01:21:11,Wake / Active,Wake / Active,True,,76.07
854,01:22:37,Quiet / Rest,Wake / Active,False,,75.98
855,01:24:05,Quiet / Rest,Quiet / Rest,True,,76.0
856,01:25:31,Quiet / Rest,Quiet / Rest,True,,76.03
857,01:27:07,Quiet / Rest,Quiet / Rest,True,,76.06
858,01:28:43,Quiet / Rest,Quiet / Rest,True,,76.09
859,01:30:13,Quiet / Rest,Quiet / Rest,True,,76.12
860,01:32:03,Wake / Active,Wake / Active,True,,76.15
861,01:33:29,Possible Sleep,Quiet / Rest,False,,76.06
862,01:35:36,Possible Sleep,Possible Sleep,True,1.0,76.08
863,01:37:29,Possible Sleep,Possible Sleep,True,1.0,76.11
864,01:39:54,Wake / Active,Wake / Active,True,,76.14
865,01:40:57,Wake / Active,Wake / Active,True,,76.17
866,01:41:59,Wake / Active,Quiet / Rest,False,0.7689,76.08
867,01:43:05,Wake / Active,Wake / Active,True,,76.11
868,01:44:26,Wake / Active,Wake / Active,True,,76.14
869,01:46:46,Quiet / Rest,Quiet / Rest,True,,76.16
870,01:48:01,Wake / Active,Wake / Active,True,,76.19
871,01:49:19,Wake / Active,Wake / Active,True,,76.22
872,01:50:34,Wake / Active,Wake / Active,True,,76.25
873,01:51:41,Wake / Active,Wake / Active,True,,76.27
874,01:52:45,Wake / Active,Quiet / Rest,False,,76.18
875,01:56:18,Wake / Active,Wake / Active,True,,76.21
876,01:58:03,Wake / Active,Wake / Active,True,,76.24
877,01:59:43,Wake / Active,Wake / Active,True,,76.27
878,02:01:02,Wake / Active,Wake / Active,True,,76.29
879,02:02:32,Quiet / Rest,Quiet / Rest,True,,76.32
880,02:04:14,Wake / Active,Quiet / Rest,False,,76.23
881,02:05:32,Wake / Active,Wake / Active,True,,76.26
882,02:07:08,Wake / Active,Wake / Active,True,,76.29
883,02:08:30,Wake / Active,Quiet / Rest,False,,76.2
884,02:10:09,Wake / Active,Wake / Active,True,,76.23
885,02:12:14,Wake / Active,Quiet / Rest,False,,76.14
886,02:13:38,Wake / Active,Quiet / Rest,False,,76.05
887,02:14:56,Quiet / Rest,Quiet / Rest,True,,76.08
888,02:16:28,Possible Sleep,Quiet / Rest,False,,76.0
889,02:20:01,Quiet / Rest,Possible Sleep,False,0.7344,75.91
890,02:22:49,Quiet / Rest,Quiet / Rest,True,,75.94
891,02:25:40,Quiet / Rest,Quiet / Rest,True,,75.96
892,02:55:14,Quiet / Rest,Quiet / Rest,True,,75.99
893,03:48:02,Quiet / Rest,Quiet / Rest,True,,76.02
894,04:02:23,Quiet / Rest,Quiet / Rest,True,,76.05
895,04:04:21,Quiet / Rest,Quiet / Rest,True,0.91,76.07
896,04:06:11,Quiet / Rest,Quiet / Rest,True,,76.1
897,04:07:58,Wake / Active,Quiet / Rest,False,,76.01
898,04:09:23,Wake / Active,Wake / Active,True,,76.04
899,04:11:34,Wake / Active,Wake / Active,True,,76.07
900,04:12:58,Quiet / Rest,Quiet / Rest,True,,76.09
901,04:15:09,Wake / Active,Wake / Active,True,0.886,76.12
902,04:16:16,Wake / Active,Quiet / Rest,False,,76.04
903,04:18:59,Wake / Active,Wake / Active,True,,76.06
904,04:20:06,Wake / Active,Wake / Active,True,,76.09
905,04:21:34,Wake / Active,Wake / Active,True,,76.12
906,04:23:06,Quiet / Rest,Quiet / Rest,True,,76.14
907,04:25:08,Wake / Active,Wake / Active,True,,76.17
908,04:26:34,Wake / Active,Wake / Active,True,,76.2
909,04:28:20,Wake / Active,Wake / Active,True,,76.22
910,04:29:23,Wake / Active,Wake / Active,True,,76.25
911,04:30:39,Wake / Active,Wake / Active,True,,76.27
912,04:32:00,Wake / Active,Wake / Active,True,,76.3
913,04:33:24,Wake / Active,Wake / Active,True,,76.33
914,04:34:26,Wake / Active,Wake / Active,True,,76.35
915,04:36:46,Wake / Active,Quiet / Rest,False,0.7367,76.27
916,04:38:03,Wake / Active,Wake / Active,True,,76.3
917,04:39:31,Wake / Active,Wake / Active,True,,76.32
918,04:40:46,Wake / Active,Wake / Active,True,,76.35
919,04:41:51,Wake / Active,Wake / Active,True,,76.37
920,04:42:57,Quiet / Rest,Quiet / Rest,True,,76.4
921,04:44:01,Quiet / Rest,Quiet / Rest,True,,76.43
922,04:45:04,Wake / Active,Quiet / Rest,False,0.93,76.34
923,04:46:53,Wake / Active,Wake / Active,True,,76.37
924,04:48:05,Wake / Active,Wake / Active,True,,76.39
925,04:49:06,Wake / Active,Wake / Active,True,,76.42
926,04:50:20,Wake / Active,Wake / Active,True,,76.44
927,04:51:52,Wake / Active,Wake / Active,True,,76.47
928,04:52:54,Wake / Active,Wake / Active,True,0.8533,76.5
929,04:54:00,Quiet / Rest,Wake / Active,False,,76.41
930,04:55:11,Quiet / Rest,Quiet / Rest,True,,76.44
931,04:56:17,Quiet / Rest,Quiet / Rest,True,,76.46
932,04:57:35,Quiet / Rest,Quiet / Rest,True,,76.49
933,04:59:31,Quiet / Rest,Quiet / Rest,True,,76.52
934,05:01:02,Quiet / Rest,Quiet / Rest,True,,76.54
935,05:02:19,Wake / Active,Quiet / Rest,False,,76.46
936,05:03:39,Wake / Active,Wake / Active,True,,76.48
937,05:04:40,Wake / Active,Wake / Active,True,,76.51
938,05:05:47,Quiet / Rest,Wake / Active,False,,76.43
939,05:07:47,Quiet / Rest,Quiet / Rest,True,0.9778,76.45
940,05:09:59,Wake / Active,Wake / Active,True,0.9544,76.48
941,05:12:00,Wake / Active,Wake / Active,True,,76.5
942,05:13:49,Wake / Active,Wake / Active,True,,76.53
943,05:15:34,Wake / Active,Quiet / Rest,False,0.6844,76.45
944,05:16:40,Quiet / Rest,Wake / Active,False,,76.36
945,05:17:49,Quiet / Rest,Quiet / Rest,True,,76.39
946,05:18:51,Quiet / Rest,Quiet / Rest,True,,76.41
947,05:20:00,Wake / Active,Wake / Active,True,,76.44
948,05:21:33,Wake / Active,Wake / Active,True,0.8689,76.46
949,05:23:09,Wake / Active,Wake / Active,True,,76.49
950,05:25:17,Wake / Active,Quiet / Rest,False,,76.41
951,05:26:36,Wake / Active,Quiet / Rest,False,0.7067,76.33
952,05:27:42,Quiet / Rest,Quiet / Rest,True,0.9567,76.35
953,05:29:53,Quiet / Rest,Quiet / Rest,True,0.9756,76.38
954,05:31:05,Quiet / Rest,Quiet / Rest,True,,76.4
955,05:33:23,Wake / Active,Wake / Active,True,,76.43
956,05:34:45,Wake / Active,Wake / Active,True,,76.45
957,05:35:59,Wake / Active,Quiet / Rest,False,,76.37
958,05:39:14,Quiet / Rest,Quiet / Rest,True,,76.4
959,05:40:54,Quiet / Rest,Quiet / Rest,True,,76.42
960,05:42:09,Quiet / Rest,Quiet / Rest,True,,76.45
961,05:44:02,Quiet / Rest,Quiet / Rest,True,0.9589,76.47
962,05:46:29,Possible Sleep,Quiet / Rest,False,,76.39
963,05:49:03,Quiet / Rest,Quiet / Rest,True,,76.42
964,05:50:56,Quiet / Rest,Quiet / Rest,True,,76.44
965,05:53:24,Quiet / Rest,Quiet / Rest,True,,76.46
966,05:55:03,Quiet / Rest,Quiet / Rest,True,,76.49
967,05:56:33,Wake / Active,Wake / Active,True,,76.51
968,05:57:40,Quiet / Rest,Wake / Active,False,,76.43
969,05:58:54,Wake / Active,Quiet / Rest,False,,76.35
970,06:01:38,Wake / Active,Wake / Active,True,,76.38
971,06:05:58,Quiet / Rest,Quiet / Rest,True,,76.4
972,06:11:22,Possible Sleep,Possible Sleep,True,0.9674,76.43
973,06:21:28,Quiet / Rest,Possible Sleep,False,,76.35
974,07:43:30,Possible Sleep,Possible Sleep,True,,76.37
975,07:45:50,Possible Sleep,Possible Sleep,True,,76.4
976,07:48:02,Quiet / Rest,Possible Sleep,False,0.7005,76.32
977,07:49:39,Wake / Active,Wake / Active,True,,76.34
978,07:51:14,Wake / Active,Wake / Active,True,,76.37
979,07:53:16,Quiet / Rest,Wake / Active,False,,76.29
980,07:55:04,Wake / Active,Wake / Active,True,0.7322,76.31
981,07:56:09,Wake / Active,Wake / Active,True,,76.34
982,07:58:01,Wake / Active,Wake / Active,True,,76.36
983,07:59:09,Wake / Active,Wake / Active,True,,76.39
984,08:00:29,Wake / Active,Wake / Active,True,,76.41
985,08:02:31,Wake / Active,Wake / Active,True,,76.43
986,08:04:18,Wake / Active,Wake / Active,True,,76.46
987,08:05:33,Wake / Active,Quiet / Rest,False,,76.38
988,08:06:59,Quiet / Rest,Quiet / Rest,True,,76.4
989,08:08:03,Wake / Active,Quiet / Rest,False,,76.33
990,08:09:11,Quiet / Rest,Quiet / Rest,True,0.8678,76.35
991,08:11:38,Quiet / Rest,Quiet / Rest,True,0.8867,76.37
992,08:12:48,Wake / Active,Wake / Active,True,,76.4
993,08:14:35,Wake / Active,Wake / Active,True,,76.42
994,08:15:40,Wake / Active,Wake / Active,True,,76.45
995,08:17:50,Wake / Active,Wake / Active,True,,76.47
996,08:21:34,Wake / Active,Wake / Active,True,,76.49
997,08:23:03,Quiet / Rest,Quiet / Rest,True,,76.52
998,08:27:55,Quiet / Rest,Quiet / Rest,True,,76.54
999,08:34:33,Possible Sleep,Quiet / Rest,False,,76.46
1000,09:52:01,Possible Sleep,Possible Sleep,True,0.8931,76.49
1001,10:53:38,Quiet / Rest,Possible Sleep,False,0.7719,76.41
1002,10:56:01,Wake / Active,Quiet / Rest,False,,76.33
1003,10:58:47,Possible Sleep,Possible Sleep,True,,76.36
1004,11:00:24,Quiet / Rest,Possible Sleep,False,,76.28
1005,12:22:54,Possible Sleep,Quiet / Rest,False,,76.2
1006,12:46:11,Quiet / Rest,Possible Sleep,False,0.661,76.13
1007,12:48:04,Quiet / Rest,Quiet / Rest,True,,76.15
1008,12:50:08,Wake / Active,Possible Sleep,False,0.6402,76.08
1009,12:51:27,Wake / Active,Wake / Active,True,,76.1
1010,12:53:36,Quiet / Rest,Quiet / Rest,True,,76.12
1011,12:56:06,Quiet / Rest,Quiet / Rest,True,,76.15
1012,13:58:00,Possible Sleep,Possible Sleep,True,,76.17
